dataset,query_id,bm25_ndcg,bm25_mrr,bm25_recall,bm25_map,reranker_ndcg,reranker_mrr,reranker_recall,reranker_map,delta_nDCG@10,delta_MRR@10,delta_Recall@10,delta_MAP@10
SciFact,1,0.0,0.0,0.0,0.0,0.0,0.0,0.0,0.0,0.0,0.0,0.0,0.0
SciFact,3,1.0,1.0,1.0,1.0,1.0,1.0,1.0,1.0,0.0,0.0,0.0,0.0
SciFact,5,1.0,1.0,1.0,1.0,1.0,1.0,1.0,1.0,0.0,0.0,0.0,0.0
SciFact,13,0.0,0.0,0.0,0.0,0.0,0.0,0.0,0.0,0.0,0.0,0.0,0.0
SciFact,36,0.21840743681816419,0.16666666666666666,0.5,0.08333333333333333,0.23719771276929622,0.2,0.5,0.1,0.01879027595113203,0.033333333333333354,0.0,0.016666666666666677
SciFact,42,1.0,1.0,1.0,1.0,1.0,1.0,1.0,1.0,0.0,0.0,0.0,0.0
SciFact,48,0.6309297535714575,0.5,1.0,0.5,0.6309297535714575,0.5,1.0,0.5,0.0,0.0,0.0,0.0
SciFact,49,1.0,1.0,1.0,1.0,1.0,1.0,1.0,1.0,0.0,0.0,0.0,0.0
SciFact,50,1.0,1.0,1.0,1.0,1.0,1.0,1.0,1.0,0.0,0.0,0.0,0.0
SciFact,51,1.0,1.0,1.0,1.0,1.0,1.0,1.0,1.0,0.0,0.0,0.0,0.0
SciFact,53,1.0,1.0,1.0,1.0,1.0,1.0,1.0,1.0,0.0,0.0,0.0,0.0
SciFact,54,0.3562071871080222,0.16666666666666666,1.0,0.16666666666666666,0.5,0.3333333333333333,1.0,0.3333333333333333,0.14379281289197782,0.16666666666666666,0.0,0.16666666666666666
SciFact,56,1.0,1.0,1.0,1.0,1.0,1.0,1.0,1.0,0.0,0.0,0.0,0.0
SciFact,57,1.0,1.0,1.0,1.0,1.0,1.0,1.0,1.0,0.0,0.0,0.0,0.0
SciFact,70,1.0,1.0,1.0,1.0,0.46845052016107697,0.25,1.0,0.26785714285714285,-0.5315494798389231,-0.75,0.0,-0.7321428571428572
SciFact,72,0.3010299956639812,0.1111111111111111,1.0,0.1111111111111111,1.0,1.0,1.0,1.0,0.6989700043360187,0.8888888888888888,0.0,0.8888888888888888
SciFact,75,0.6309297535714575,0.5,1.0,0.5,1.0,1.0,1.0,1.0,0.36907024642854247,0.5,0.0,0.5
SciFact,94,1.0,1.0,1.0,1.0,1.0,1.0,1.0,1.0,0.0,0.0,0.0,0.0
SciFact,99,1.0,1.0,1.0,1.0,1.0,1.0,1.0,1.0,0.0,0.0,0.0,0.0
SciFact,100,1.0,1.0,1.0,1.0,1.0,1.0,1.0,1.0,0.0,0.0,0.0,0.0
SciFact,113,1.0,1.0,1.0,1.0,1.0,1.0,1.0,1.0,0.0,0.0,0.0,0.0
SciFact,115,1.0,1.0,1.0,1.0,1.0,1.0,1.0,1.0,0.0,0.0,0.0,0.0
SciFact,118,1.0,1.0,1.0,1.0,1.0,1.0,1.0,1.0,0.0,0.0,0.0,0.0
SciFact,124,1.0,1.0,1.0,1.0,1.0,1.0,1.0,1.0,0.0,0.0,0.0,0.0
SciFact,127,0.5,0.3333333333333333,1.0,0.3333333333333333,1.0,1.0,1.0,1.0,0.5,0.6666666666666667,0.0,0.6666666666666667
SciFact,128,0.5,0.3333333333333333,1.0,0.3333333333333333,0.6309297535714575,0.5,1.0,0.5,0.13092975357145753,0.16666666666666669,0.0,0.16666666666666669
SciFact,129,1.0,1.0,1.0,1.0,1.0,1.0,1.0,1.0,0.0,0.0,0.0,0.0
SciFact,130,1.0,1.0,1.0,1.0,1.0,1.0,1.0,1.0,0.0,0.0,0.0,0.0
SciFact,132,0.0,0.0,0.0,0.0,0.0,0.0,0.0,0.0,0.0,0.0,0.0,0.0
SciFact,133,0.13120507751234178,0.2,0.2,0.04,0.3571610374319355,0.25,0.6,0.16714285714285712,0.22595595991959372,0.04999999999999999,0.39999999999999997,0.1271428571428571
SciFact,137,1.0,1.0,1.0,1.0,1.0,1.0,1.0,1.0,0.0,0.0,0.0,0.0
SciFact,141,1.0,1.0,1.0,1.0,0.8772153153380493,1.0,1.0,0.75,-0.1227846846619507,0.0,0.0,-0.25
SciFact,142,1.0,1.0,1.0,1.0,1.0,1.0,1.0,1.0,0.0,0.0,0.0,0.0
SciFact,143,1.0,1.0,1.0,1.0,1.0,1.0,1.0,1.0,0.0,0.0,0.0,0.0
SciFact,146,1.0,1.0,1.0,1.0,1.0,1.0,1.0,1.0,0.0,0.0,0.0,0.0
SciFact,148,1.0,1.0,1.0,1.0,1.0,1.0,1.0,1.0,0.0,0.0,0.0,0.0
SciFact,163,1.0,1.0,1.0,1.0,0.6309297535714575,0.5,1.0,0.5,-0.36907024642854247,-0.5,0.0,-0.5
SciFact,171,1.0,1.0,1.0,1.0,1.0,1.0,1.0,1.0,0.0,0.0,0.0,0.0
SciFact,179,0.5855700749881525,1.0,0.5,0.41666666666666663,0.75369761125927,1.0,0.75,0.6041666666666666,0.16812753627111754,0.0,0.25,0.1875
SciFact,180,1.0,1.0,1.0,1.0,1.0,1.0,1.0,1.0,0.0,0.0,0.0,0.0
SciFact,183,0.31546487678572877,0.125,1.0,0.125,0.43067655807339306,0.25,1.0,0.25,0.11521168128766429,0.125,0.0,0.125
SciFact,185,0.6309297535714575,0.5,1.0,0.5,0.5,0.3333333333333333,1.0,0.3333333333333333,-0.13092975357145753,-0.16666666666666669,0.0,-0.16666666666666669
SciFact,198,0.5,0.3333333333333333,1.0,0.3333333333333333,0.38685280723454163,0.2,1.0,0.2,-0.11314719276545837,-0.1333333333333333,0.0,-0.1333333333333333
SciFact,208,1.0,1.0,1.0,1.0,1.0,1.0,1.0,1.0,0.0,0.0,0.0,0.0
SciFact,212,1.0,1.0,1.0,1.0,0.6309297535714575,0.5,1.0,0.5,-0.36907024642854247,-0.5,0.0,-0.5
SciFact,213,0.3562071871080222,0.16666666666666666,1.0,0.16666666666666666,0.0,0.0,0.0,0.0,-0.3562071871080222,-0.16666666666666666,-1.0,-0.16666666666666666
SciFact,216,1.0,1.0,1.0,1.0,1.0,1.0,1.0,1.0,0.0,0.0,0.0,0.0
SciFact,217,1.0,1.0,1.0,1.0,1.0,1.0,1.0,1.0,0.0,0.0,0.0,0.0
SciFact,218,1.0,1.0,1.0,1.0,1.0,1.0,1.0,1.0,0.0,0.0,0.0,0.0
SciFact,219,1.0,1.0,1.0,1.0,1.0,1.0,1.0,1.0,0.0,0.0,0.0,0.0
SciFact,230,1.0,1.0,1.0,1.0,1.0,1.0,1.0,1.0,0.0,0.0,0.0,0.0
SciFact,232,0.6309297535714575,0.5,1.0,0.5,0.6309297535714575,0.5,1.0,0.5,0.0,0.0,0.0,0.0
SciFact,233,1.0,1.0,1.0,1.0,1.0,1.0,1.0,1.0,0.0,0.0,0.0,0.0
SciFact,236,1.0,1.0,1.0,1.0,1.0,1.0,1.0,1.0,0.0,0.0,0.0,0.0
SciFact,237,1.0,1.0,1.0,1.0,1.0,1.0,1.0,1.0,0.0,0.0,0.0,0.0
SciFact,238,0.0,0.0,0.0,0.0,0.5,0.3333333333333333,1.0,0.3333333333333333,0.5,0.3333333333333333,1.0,0.3333333333333333
SciFact,239,0.0,0.0,0.0,0.0,0.0,0.0,0.0,0.0,0.0,0.0,0.0,0.0
SciFact,248,1.0,1.0,1.0,1.0,1.0,1.0,1.0,1.0,0.0,0.0,0.0,0.0
SciFact,249,0.6309297535714575,0.5,1.0,0.5,1.0,1.0,1.0,1.0,0.36907024642854247,0.5,0.0,0.5
SciFact,261,0.2640681225725909,0.25,0.5,0.125,0.19342640361727081,0.125,0.5,0.0625,-0.07064171895532007,-0.125,0.0,-0.0625
SciFact,268,0.6309297535714575,0.5,1.0,0.5,1.0,1.0,1.0,1.0,0.36907024642854247,0.5,0.0,0.5
SciFact,269,0.6309297535714575,0.5,1.0,0.5,1.0,1.0,1.0,1.0,0.36907024642854247,0.5,0.0,0.5
SciFact,274,1.0,1.0,1.0,1.0,1.0,1.0,1.0,1.0,0.0,0.0,0.0,0.0
SciFact,275,0.46927872602275644,1.0,0.3333333333333333,0.3333333333333333,0.46927872602275644,1.0,0.3333333333333333,0.3333333333333333,0.0,0.0,0.0,0.0
SciFact,279,1.0,1.0,1.0,1.0,1.0,1.0,1.0,1.0,0.0,0.0,0.0,0.0
SciFact,294,1.0,1.0,1.0,1.0,0.0,0.0,0.0,0.0,-1.0,-1.0,-1.0,-1.0
SciFact,295,1.0,1.0,1.0,1.0,1.0,1.0,1.0,1.0,0.0,0.0,0.0,0.0
SciFact,298,1.0,1.0,1.0,1.0,1.0,1.0,1.0,1.0,0.0,0.0,0.0,0.0
SciFact,300,0.43067655807339306,0.25,1.0,0.25,0.5,0.3333333333333333,1.0,0.3333333333333333,0.06932344192660694,0.08333333333333331,0.0,0.08333333333333331
SciFact,303,0.6309297535714575,0.5,1.0,0.5,0.3333333333333333,0.14285714285714285,1.0,0.14285714285714285,-0.2975964202381242,-0.35714285714285715,0.0,-0.35714285714285715
SciFact,312,0.38685280723454163,0.2,1.0,0.2,0.38685280723454163,0.2,1.0,0.2,0.0,0.0,0.0,0.0
SciFact,314,0.5,0.3333333333333333,1.0,0.3333333333333333,0.5,0.3333333333333333,1.0,0.3333333333333333,0.0,0.0,0.0,0.0
SciFact,324,0.43067655807339306,0.25,1.0,0.25,0.2890648263178879,0.1,1.0,0.1,-0.14161173175550518,-0.15,0.0,-0.15
SciFact,327,1.0,1.0,1.0,1.0,1.0,1.0,1.0,1.0,0.0,0.0,0.0,0.0
SciFact,338,1.0,1.0,1.0,1.0,1.0,1.0,1.0,1.0,0.0,0.0,0.0,0.0
SciFact,343,0.6509209298071326,0.5,1.0,0.5,0.5249810332008933,0.3333333333333333,1.0,0.3333333333333333,-0.12593989660623928,-0.16666666666666669,0.0,-0.16666666666666669
SciFact,350,1.0,1.0,1.0,1.0,1.0,1.0,1.0,1.0,0.0,0.0,0.0,0.0
SciFact,354,1.0,1.0,1.0,1.0,1.0,1.0,1.0,1.0,0.0,0.0,0.0,0.0
SciFact,362,1.0,1.0,1.0,1.0,1.0,1.0,1.0,1.0,0.0,0.0,0.0,0.0
SciFact,380,1.0,1.0,1.0,1.0,1.0,1.0,1.0,1.0,0.0,0.0,0.0,0.0
SciFact,384,0.0,0.0,0.0,0.0,0.0,0.0,0.0,0.0,0.0,0.0,0.0,0.0
SciFact,385,0.3065735963827292,0.3333333333333333,0.5,0.16666666666666666,0.3065735963827292,0.3333333333333333,0.5,0.16666666666666666,0.0,0.0,0.0,0.0
SciFact,386,1.0,1.0,1.0,1.0,1.0,1.0,1.0,1.0,0.0,0.0,0.0,0.0
SciFact,388,0.5,0.3333333333333333,1.0,0.3333333333333333,0.0,0.0,0.0,0.0,-0.5,-0.3333333333333333,-1.0,-0.3333333333333333
SciFact,399,1.0,1.0,1.0,1.0,1.0,1.0,1.0,1.0,0.0,0.0,0.0,0.0
SciFact,410,1.0,1.0,1.0,1.0,1.0,1.0,1.0,1.0,0.0,0.0,0.0,0.0
SciFact,411,1.0,1.0,1.0,1.0,1.0,1.0,1.0,1.0,0.0,0.0,0.0,0.0
SciFact,415,0.38685280723454163,0.2,1.0,0.2,0.5,0.3333333333333333,1.0,0.3333333333333333,0.11314719276545837,0.1333333333333333,0.0,0.1333333333333333
SciFact,421,0.0,0.0,0.0,0.0,0.0,0.0,0.0,0.0,0.0,0.0,0.0,0.0
SciFact,431,0.0,0.0,0.0,0.0,0.0,0.0,0.0,0.0,0.0,0.0,0.0,0.0
SciFact,436,1.0,1.0,1.0,1.0,1.0,1.0,1.0,1.0,0.0,0.0,0.0,0.0
SciFact,437,0.0,0.0,0.0,0.0,0.0,0.0,0.0,0.0,0.0,0.0,0.0,0.0
SciFact,439,0.6309297535714575,0.5,1.0,0.5,1.0,1.0,1.0,1.0,0.36907024642854247,0.5,0.0,0.5
SciFact,440,0.6309297535714575,0.5,1.0,0.5,1.0,1.0,1.0,1.0,0.36907024642854247,0.5,0.0,0.5
SciFact,443,1.0,1.0,1.0,1.0,1.0,1.0,1.0,1.0,0.0,0.0,0.0,0.0
SciFact,452,0.23719771276929622,0.2,0.5,0.1,0.6131471927654584,1.0,0.5,0.5,0.37594947999616213,0.8,0.0,0.4
SciFact,475,0.0,0.0,0.0,0.0,0.0,0.0,0.0,0.0,0.0,0.0,0.0,0.0
SciFact,478,0.6309297535714575,0.5,1.0,0.5,1.0,1.0,1.0,1.0,0.36907024642854247,0.5,0.0,0.5
SciFact,491,1.0,1.0,1.0,1.0,1.0,1.0,1.0,1.0,0.0,0.0,0.0,0.0
SciFact,501,0.6309297535714575,0.5,1.0,0.5,1.0,1.0,1.0,1.0,0.36907024642854247,0.5,0.0,0.5
SciFact,502,0.0,0.0,0.0,0.0,0.0,0.0,0.0,0.0,0.0,0.0,0.0,0.0
SciFact,507,1.0,1.0,1.0,1.0,0.5,0.3333333333333333,1.0,0.3333333333333333,-0.5,-0.6666666666666667,0.0,-0.6666666666666667
SciFact,508,0.0,0.0,0.0,0.0,0.0,0.0,0.0,0.0,0.0,0.0,0.0,0.0
SciFact,513,1.0,1.0,1.0,1.0,0.0,0.0,0.0,0.0,-1.0,-1.0,-1.0,-1.0
SciFact,514,0.0,0.0,0.0,0.0,0.3333333333333333,0.14285714285714285,1.0,0.14285714285714285,0.3333333333333333,0.14285714285714285,1.0,0.14285714285714285
SciFact,516,1.0,1.0,1.0,1.0,1.0,1.0,1.0,1.0,0.0,0.0,0.0,0.0
SciFact,517,0.0,0.0,0.0,0.0,0.3333333333333333,0.14285714285714285,1.0,0.14285714285714285,0.3333333333333333,0.14285714285714285,1.0,0.14285714285714285
SciFact,521,1.0,1.0,1.0,1.0,0.38685280723454163,0.2,1.0,0.2,-0.6131471927654584,-0.8,0.0,-0.8
SciFact,525,1.0,1.0,1.0,1.0,1.0,1.0,1.0,1.0,0.0,0.0,0.0,0.0
SciFact,527,0.6309297535714575,0.5,1.0,0.5,0.6309297535714575,0.5,1.0,0.5,0.0,0.0,0.0,0.0
SciFact,528,1.0,1.0,1.0,1.0,1.0,1.0,1.0,1.0,0.0,0.0,0.0,0.0
SciFact,532,1.0,1.0,1.0,1.0,1.0,1.0,1.0,1.0,0.0,0.0,0.0,0.0
SciFact,533,1.0,1.0,1.0,1.0,1.0,1.0,1.0,1.0,0.0,0.0,0.0,0.0
SciFact,535,0.0,0.0,0.0,0.0,0.0,0.0,0.0,0.0,0.0,0.0,0.0,0.0
SciFact,536,1.0,1.0,1.0,1.0,1.0,1.0,1.0,1.0,0.0,0.0,0.0,0.0
SciFact,539,1.0,1.0,1.0,1.0,1.0,1.0,1.0,1.0,0.0,0.0,0.0,0.0
SciFact,540,0.23719771276929622,0.2,0.5,0.1,0.20438239758848611,0.14285714285714285,0.5,0.07142857142857142,-0.0328153151808101,-0.05714285714285716,0.0,-0.02857142857142858
SciFact,544,0.0,0.0,0.0,0.0,0.0,0.0,0.0,0.0,0.0,0.0,0.0,0.0
SciFact,549,1.0,1.0,1.0,1.0,1.0,1.0,1.0,1.0,0.0,0.0,0.0,0.0
SciFact,551,0.43067655807339306,0.25,1.0,0.25,0.0,0.0,0.0,0.0,-0.43067655807339306,-0.25,-1.0,-0.25
SciFact,552,1.0,1.0,1.0,1.0,1.0,1.0,1.0,1.0,0.0,0.0,0.0,0.0
SciFact,554,0.3333333333333333,0.14285714285714285,1.0,0.14285714285714285,0.31546487678572877,0.125,1.0,0.125,-0.01786845654760455,-0.01785714285714285,0.0,-0.01785714285714285
SciFact,560,0.0,0.0,0.0,0.0,0.0,0.0,0.0,0.0,0.0,0.0,0.0,0.0
SciFact,569,1.0,1.0,1.0,1.0,1.0,1.0,1.0,1.0,0.0,0.0,0.0,0.0
SciFact,575,0.0,0.0,0.0,0.0,1.0,1.0,1.0,1.0,1.0,1.0,1.0,1.0
SciFact,577,0.0,0.0,0.0,0.0,0.0,0.0,0.0,0.0,0.0,0.0,0.0,0.0
SciFact,578,1.0,1.0,1.0,1.0,1.0,1.0,1.0,1.0,0.0,0.0,0.0,0.0
SciFact,587,0.43067655807339306,0.25,1.0,0.25,0.6309297535714575,0.5,1.0,0.5,0.20025319549806447,0.25,0.0,0.25
SciFact,589,1.0,1.0,1.0,1.0,1.0,1.0,1.0,1.0,0.0,0.0,0.0,0.0
SciFact,593,1.0,1.0,1.0,1.0,1.0,1.0,1.0,1.0,0.0,0.0,0.0,0.0
SciFact,597,0.9325210919548239,1.0,1.0,0.8333333333333334,0.9325210919548239,1.0,1.0,0.8333333333333334,0.0,0.0,0.0,0.0
SciFact,598,0.3562071871080222,0.16666666666666666,1.0,0.16666666666666666,0.31546487678572877,0.125,1.0,0.125,-0.04074231032229342,-0.04166666666666666,0.0,-0.04166666666666666
SciFact,613,1.0,1.0,1.0,1.0,1.0,1.0,1.0,1.0,0.0,0.0,0.0,0.0
SciFact,619,0.23719771276929622,0.2,0.5,0.1,0.0,0.0,0.0,0.0,-0.23719771276929622,-0.2,-0.5,-0.1
SciFact,623,0.0,0.0,0.0,0.0,0.38685280723454163,0.2,1.0,0.2,0.38685280723454163,0.2,1.0,0.2
SciFact,628,1.0,1.0,1.0,1.0,1.0,1.0,1.0,1.0,0.0,0.0,0.0,0.0
SciFact,636,0.5,0.3333333333333333,1.0,0.3333333333333333,1.0,1.0,1.0,1.0,0.5,0.6666666666666667,0.0,0.6666666666666667
SciFact,637,0.2890648263178879,0.1,1.0,0.1,0.5,0.3333333333333333,1.0,0.3333333333333333,0.21093517368211212,0.2333333333333333,0.0,0.2333333333333333
SciFact,641,0.6131471927654584,1.0,0.5,0.5,0.8772153153380493,1.0,1.0,0.75,0.26406812257259094,0.0,0.5,0.25
SciFact,644,0.6309297535714575,0.5,1.0,0.5,1.0,1.0,1.0,1.0,0.36907024642854247,0.5,0.0,0.5
SciFact,649,1.0,1.0,1.0,1.0,0.6309297535714575,0.5,1.0,0.5,-0.36907024642854247,-0.5,0.0,-0.5
SciFact,659,1.0,1.0,1.0,1.0,1.0,1.0,1.0,1.0,0.0,0.0,0.0,0.0
SciFact,660,0.38685280723454163,0.2,1.0,0.2,1.0,1.0,1.0,1.0,0.6131471927654584,0.8,0.0,0.8
SciFact,674,1.0,1.0,1.0,1.0,1.0,1.0,1.0,1.0,0.0,0.0,0.0,0.0
SciFact,684,1.0,1.0,1.0,1.0,1.0,1.0,1.0,1.0,0.0,0.0,0.0,0.0
SciFact,690,0.0,0.0,0.0,0.0,0.5,0.3333333333333333,1.0,0.3333333333333333,0.5,0.3333333333333333,1.0,0.3333333333333333
SciFact,691,1.0,1.0,1.0,1.0,1.0,1.0,1.0,1.0,0.0,0.0,0.0,0.0
SciFact,692,0.6309297535714575,0.5,1.0,0.5,1.0,1.0,1.0,1.0,0.36907024642854247,0.5,0.0,0.5
SciFact,693,1.0,1.0,1.0,1.0,1.0,1.0,1.0,1.0,0.0,0.0,0.0,0.0
SciFact,700,0.6309297535714575,0.5,1.0,0.5,0.6309297535714575,0.5,1.0,0.5,0.0,0.0,0.0,0.0
SciFact,702,0.5,0.3333333333333333,1.0,0.3333333333333333,0.6309297535714575,0.5,1.0,0.5,0.13092975357145753,0.16666666666666669,0.0,0.16666666666666669
SciFact,715,0.0,0.0,0.0,0.0,0.0,0.0,0.0,0.0,0.0,0.0,0.0,0.0
SciFact,716,0.0,0.0,0.0,0.0,0.0,0.0,0.0,0.0,0.0,0.0,0.0,0.0
SciFact,718,0.6309297535714575,0.5,1.0,0.5,1.0,1.0,1.0,1.0,0.36907024642854247,0.5,0.0,0.5
SciFact,721,1.0,1.0,1.0,1.0,1.0,1.0,1.0,1.0,0.0,0.0,0.0,0.0
SciFact,723,1.0,1.0,1.0,1.0,1.0,1.0,1.0,1.0,0.0,0.0,0.0,0.0
SciFact,727,0.6309297535714575,0.5,1.0,0.5,0.38685280723454163,0.2,1.0,0.2,-0.2440769463369159,-0.3,0.0,-0.3
SciFact,728,0.6052602440527057,0.5,1.0,0.41666666666666663,0.8772153153380493,1.0,1.0,0.75,0.2719550712853436,0.5,0.0,0.33333333333333337
SciFact,729,0.6309297535714575,0.5,1.0,0.5,1.0,1.0,1.0,1.0,0.36907024642854247,0.5,0.0,0.5
SciFact,742,1.0,1.0,1.0,1.0,1.0,1.0,1.0,1.0,0.0,0.0,0.0,0.0
SciFact,743,1.0,1.0,1.0,1.0,1.0,1.0,1.0,1.0,0.0,0.0,0.0,0.0
SciFact,744,0.6309297535714575,0.5,1.0,0.5,0.6309297535714575,0.5,1.0,0.5,0.0,0.0,0.0,0.0
SciFact,756,0.3010299956639812,0.1111111111111111,1.0,0.1111111111111111,0.5,0.3333333333333333,1.0,0.3333333333333333,0.1989700043360188,0.2222222222222222,0.0,0.2222222222222222
SciFact,759,1.0,1.0,1.0,1.0,1.0,1.0,1.0,1.0,0.0,0.0,0.0,0.0
SciFact,768,0.0,0.0,0.0,0.0,0.43067655807339306,0.25,1.0,0.25,0.43067655807339306,0.25,1.0,0.25
SciFact,770,1.0,1.0,1.0,1.0,1.0,1.0,1.0,1.0,0.0,0.0,0.0,0.0
SciFact,775,0.0,0.0,0.0,0.0,0.0,0.0,0.0,0.0,0.0,0.0,0.0,0.0
SciFact,781,0.6309297535714575,0.5,1.0,0.5,0.6309297535714575,0.5,1.0,0.5,0.0,0.0,0.0,0.0
SciFact,783,0.0,0.0,0.0,0.0,0.0,0.0,0.0,0.0,0.0,0.0,0.0,0.0
SciFact,784,0.43067655807339306,0.25,1.0,0.25,1.0,1.0,1.0,1.0,0.5693234419266069,0.75,0.0,0.75
SciFact,785,0.6309297535714575,0.5,1.0,0.5,0.6309297535714575,0.5,1.0,0.5,0.0,0.0,0.0,0.0
SciFact,793,1.0,1.0,1.0,1.0,1.0,1.0,1.0,1.0,0.0,0.0,0.0,0.0
SciFact,800,0.0,0.0,0.0,0.0,0.0,0.0,0.0,0.0,0.0,0.0,0.0,0.0
SciFact,805,1.0,1.0,1.0,1.0,1.0,1.0,1.0,1.0,0.0,0.0,0.0,0.0
SciFact,808,1.0,1.0,1.0,1.0,1.0,1.0,1.0,1.0,0.0,0.0,0.0,0.0
SciFact,811,1.0,1.0,1.0,1.0,1.0,1.0,1.0,1.0,0.0,0.0,0.0,0.0
SciFact,814,1.0,1.0,1.0,1.0,1.0,1.0,1.0,1.0,0.0,0.0,0.0,0.0
SciFact,820,0.0,0.0,0.0,0.0,0.0,0.0,0.0,0.0,0.0,0.0,0.0,0.0
SciFact,821,0.0,0.0,0.0,0.0,0.0,0.0,0.0,0.0,0.0,0.0,0.0,0.0
SciFact,823,1.0,1.0,1.0,1.0,1.0,1.0,1.0,1.0,0.0,0.0,0.0,0.0
SciFact,830,0.0,0.0,0.0,0.0,0.0,0.0,0.0,0.0,0.0,0.0,0.0,0.0
SciFact,831,0.0,0.0,0.0,0.0,0.0,0.0,0.0,0.0,0.0,0.0,0.0,0.0
SciFact,832,1.0,1.0,1.0,1.0,1.0,1.0,1.0,1.0,0.0,0.0,0.0,0.0
SciFact,834,0.0,0.0,0.0,0.0,0.5,0.3333333333333333,1.0,0.3333333333333333,0.5,0.3333333333333333,1.0,0.3333333333333333
SciFact,837,1.0,1.0,1.0,1.0,1.0,1.0,1.0,1.0,0.0,0.0,0.0,0.0
SciFact,839,1.0,1.0,1.0,1.0,1.0,1.0,1.0,1.0,0.0,0.0,0.0,0.0
SciFact,845,1.0,1.0,1.0,1.0,1.0,1.0,1.0,1.0,0.0,0.0,0.0,0.0
SciFact,847,1.0,1.0,1.0,1.0,1.0,1.0,1.0,1.0,0.0,0.0,0.0,0.0
SciFact,852,1.0,1.0,1.0,1.0,1.0,1.0,1.0,1.0,0.0,0.0,0.0,0.0
SciFact,859,0.6309297535714575,0.5,1.0,0.5,0.3333333333333333,0.14285714285714285,1.0,0.14285714285714285,-0.2975964202381242,-0.35714285714285715,0.0,-0.35714285714285715
SciFact,870,0.0,0.0,0.0,0.0,0.0,0.0,0.0,0.0,0.0,0.0,0.0,0.0
SciFact,873,0.0,0.0,0.0,0.0,0.10699313236726378,0.125,0.2,0.025,0.10699313236726378,0.125,0.2,0.025
SciFact,879,1.0,1.0,1.0,1.0,1.0,1.0,1.0,1.0,0.0,0.0,0.0,0.0
SciFact,880,1.0,1.0,1.0,1.0,1.0,1.0,1.0,1.0,0.0,0.0,0.0,0.0
SciFact,882,1.0,1.0,1.0,1.0,1.0,1.0,1.0,1.0,0.0,0.0,0.0,0.0
SciFact,887,0.0,0.0,0.0,0.0,0.0,0.0,0.0,0.0,0.0,0.0,0.0,0.0
SciFact,903,1.0,1.0,1.0,1.0,1.0,1.0,1.0,1.0,0.0,0.0,0.0,0.0
SciFact,904,1.0,1.0,1.0,1.0,1.0,1.0,1.0,1.0,0.0,0.0,0.0,0.0
SciFact,907,1.0,1.0,1.0,1.0,1.0,1.0,1.0,1.0,0.0,0.0,0.0,0.0
SciFact,911,1.0,1.0,1.0,1.0,1.0,1.0,1.0,1.0,0.0,0.0,0.0,0.0
SciFact,913,0.0,0.0,0.0,0.0,0.0,0.0,0.0,0.0,0.0,0.0,0.0,0.0
SciFact,914,0.0,0.0,0.0,0.0,0.0,0.0,0.0,0.0,0.0,0.0,0.0,0.0
SciFact,921,0.6309297535714575,0.5,1.0,0.5,1.0,1.0,1.0,1.0,0.36907024642854247,0.5,0.0,0.5
SciFact,922,1.0,1.0,1.0,1.0,1.0,1.0,1.0,1.0,0.0,0.0,0.0,0.0
SciFact,936,1.0,1.0,1.0,1.0,1.0,1.0,1.0,1.0,0.0,0.0,0.0,0.0
SciFact,956,0.5,0.3333333333333333,1.0,0.3333333333333333,0.5,0.3333333333333333,1.0,0.3333333333333333,0.0,0.0,0.0,0.0
SciFact,957,0.6309297535714575,0.5,1.0,0.5,1.0,1.0,1.0,1.0,0.36907024642854247,0.5,0.0,0.5
SciFact,960,1.0,1.0,1.0,1.0,1.0,1.0,1.0,1.0,0.0,0.0,0.0,0.0
SciFact,967,0.9197207891481876,1.0,1.0,0.8333333333333333,0.9197207891481876,1.0,1.0,0.8333333333333333,0.0,0.0,0.0,0.0
SciFact,971,0.6444638628256741,0.3333333333333333,1.0,0.5011904761904762,0.8396538878217249,1.0,1.0,0.6678571428571429,0.19519002499605076,0.6666666666666667,0.0,0.16666666666666674
SciFact,975,0.0,0.0,0.0,0.0,0.0,0.0,0.0,0.0,0.0,0.0,0.0,0.0
SciFact,982,1.0,1.0,1.0,1.0,1.0,1.0,1.0,1.0,0.0,0.0,0.0,0.0
SciFact,985,1.0,1.0,1.0,1.0,1.0,1.0,1.0,1.0,0.0,0.0,0.0,0.0
SciFact,993,0.6309297535714575,0.5,1.0,0.5,1.0,1.0,1.0,1.0,0.36907024642854247,0.5,0.0,0.5
SciFact,1012,1.0,1.0,1.0,1.0,1.0,1.0,1.0,1.0,0.0,0.0,0.0,0.0
SciFact,1014,1.0,1.0,1.0,1.0,1.0,1.0,1.0,1.0,0.0,0.0,0.0,0.0
SciFact,1019,0.6309297535714575,0.5,1.0,0.5,0.6309297535714575,0.5,1.0,0.5,0.0,0.0,0.0,0.0
SciFact,1020,0.5,0.3333333333333333,1.0,0.3333333333333333,0.6309297535714575,0.5,1.0,0.5,0.13092975357145753,0.16666666666666669,0.0,0.16666666666666669
SciFact,1021,0.5,0.3333333333333333,1.0,0.3333333333333333,0.6309297535714575,0.5,1.0,0.5,0.13092975357145753,0.16666666666666669,0.0,0.16666666666666669
SciFact,1024,1.0,1.0,1.0,1.0,1.0,1.0,1.0,1.0,0.0,0.0,0.0,0.0
SciFact,1029,0.7653606369886217,1.0,0.6666666666666666,0.6666666666666666,0.7653606369886217,1.0,0.6666666666666666,0.6666666666666666,0.0,0.0,0.0,0.0
SciFact,1041,0.44130740935663865,0.25,1.0,0.225,0.4227898344066503,0.16666666666666666,1.0,0.22619047619047616,-0.018517574949988347,-0.08333333333333334,0.0,0.0011904761904761585
SciFact,1049,0.0,0.0,0.0,0.0,0.0,0.0,0.0,0.0,0.0,0.0,0.0,0.0
SciFact,1062,1.0,1.0,1.0,1.0,1.0,1.0,1.0,1.0,0.0,0.0,0.0,0.0
SciFact,1086,1.0,1.0,1.0,1.0,1.0,1.0,1.0,1.0,0.0,0.0,0.0,0.0
SciFact,1088,0.0,0.0,0.0,0.0,0.0,0.0,0.0,0.0,0.0,0.0,0.0,0.0
SciFact,1089,1.0,1.0,1.0,1.0,1.0,1.0,1.0,1.0,0.0,0.0,0.0,0.0
SciFact,1099,0.5,0.3333333333333333,1.0,0.3333333333333333,0.5,0.3333333333333333,1.0,0.3333333333333333,0.0,0.0,0.0,0.0
SciFact,1100,0.6309297535714575,0.5,1.0,0.5,0.6309297535714575,0.5,1.0,0.5,0.0,0.0,0.0,0.0
SciFact,1104,1.0,1.0,1.0,1.0,1.0,1.0,1.0,1.0,0.0,0.0,0.0,0.0
SciFact,1107,1.0,1.0,1.0,1.0,1.0,1.0,1.0,1.0,0.0,0.0,0.0,0.0
SciFact,1110,0.0,0.0,0.0,0.0,0.0,0.0,0.0,0.0,0.0,0.0,0.0,0.0
SciFact,1121,0.6309297535714575,0.5,1.0,0.5,0.6309297535714575,0.5,1.0,0.5,0.0,0.0,0.0,0.0
SciFact,1130,1.0,1.0,1.0,1.0,1.0,1.0,1.0,1.0,0.0,0.0,0.0,0.0
SciFact,1132,0.23719771276929622,0.2,0.5,0.1,0.2640681225725909,0.25,0.5,0.125,0.026870409803294665,0.04999999999999999,0.0,0.024999999999999994
SciFact,1137,1.0,1.0,1.0,1.0,1.0,1.0,1.0,1.0,0.0,0.0,0.0,0.0
SciFact,1140,0.0,0.0,0.0,0.0,1.0,1.0,1.0,1.0,1.0,1.0,1.0,1.0
SciFact,1144,1.0,1.0,1.0,1.0,1.0,1.0,1.0,1.0,0.0,0.0,0.0,0.0
SciFact,1146,1.0,1.0,1.0,1.0,1.0,1.0,1.0,1.0,0.0,0.0,0.0,0.0
SciFact,1150,1.0,1.0,1.0,1.0,1.0,1.0,1.0,1.0,0.0,0.0,0.0,0.0
SciFact,1163,1.0,1.0,1.0,1.0,1.0,1.0,1.0,1.0,0.0,0.0,0.0,0.0
SciFact,1175,0.0,0.0,0.0,0.0,0.0,0.0,0.0,0.0,0.0,0.0,0.0,0.0
SciFact,1179,0.3010299956639812,0.1111111111111111,1.0,0.1111111111111111,0.3333333333333333,0.14285714285714285,1.0,0.14285714285714285,0.03230333766935212,0.031746031746031744,0.0,0.031746031746031744
SciFact,1180,0.43067655807339306,0.25,1.0,0.25,0.5,0.3333333333333333,1.0,0.3333333333333333,0.06932344192660694,0.08333333333333331,0.0,0.08333333333333331
SciFact,1185,1.0,1.0,1.0,1.0,1.0,1.0,1.0,1.0,0.0,0.0,0.0,0.0
SciFact,1187,1.0,1.0,1.0,1.0,1.0,1.0,1.0,1.0,0.0,0.0,0.0,0.0
SciFact,1191,0.0,0.0,0.0,0.0,0.0,0.0,0.0,0.0,0.0,0.0,0.0,0.0
SciFact,1194,0.31546487678572877,0.125,1.0,0.125,1.0,1.0,1.0,1.0,0.6845351232142712,0.875,0.0,0.875
SciFact,1196,0.0,0.0,0.0,0.0,0.0,0.0,0.0,0.0,0.0,0.0,0.0,0.0
SciFact,1197,0.0,0.0,0.0,0.0,0.0,0.0,0.0,0.0,0.0,0.0,0.0,0.0
SciFact,1199,0.0,0.0,0.0,0.0,0.0,0.0,0.0,0.0,0.0,0.0,0.0,0.0
SciFact,1200,0.0,0.0,0.0,0.0,0.0,0.0,0.0,0.0,0.0,0.0,0.0,0.0
SciFact,1202,1.0,1.0,1.0,1.0,1.0,1.0,1.0,1.0,0.0,0.0,0.0,0.0
SciFact,1204,1.0,1.0,1.0,1.0,0.5,0.3333333333333333,1.0,0.3333333333333333,-0.5,-0.6666666666666667,0.0,-0.6666666666666667
SciFact,1207,0.43067655807339306,0.25,1.0,0.25,1.0,1.0,1.0,1.0,0.5693234419266069,0.75,0.0,0.75
SciFact,1213,0.0,0.0,0.0,0.0,0.0,0.0,0.0,0.0,0.0,0.0,0.0,0.0
SciFact,1216,1.0,1.0,1.0,1.0,1.0,1.0,1.0,1.0,0.0,0.0,0.0,0.0
SciFact,1221,0.0,0.0,0.0,0.0,0.0,0.0,0.0,0.0,0.0,0.0,0.0,0.0
SciFact,1225,1.0,1.0,1.0,1.0,1.0,1.0,1.0,1.0,0.0,0.0,0.0,0.0
SciFact,1226,0.0,0.0,0.0,0.0,0.0,0.0,0.0,0.0,0.0,0.0,0.0,0.0
SciFact,1232,1.0,1.0,1.0,1.0,1.0,1.0,1.0,1.0,0.0,0.0,0.0,0.0
SciFact,1241,0.0,0.0,0.0,0.0,0.0,0.0,0.0,0.0,0.0,0.0,0.0,0.0
SciFact,1245,0.31546487678572877,0.125,1.0,0.125,1.0,1.0,1.0,1.0,0.6845351232142712,0.875,0.0,0.875
SciFact,1259,0.6309297535714575,0.5,1.0,0.5,0.6309297535714575,0.5,1.0,0.5,0.0,0.0,0.0,0.0
SciFact,1262,1.0,1.0,1.0,1.0,1.0,1.0,1.0,1.0,0.0,0.0,0.0,0.0
SciFact,1266,0.5,0.3333333333333333,1.0,0.3333333333333333,1.0,1.0,1.0,1.0,0.5,0.6666666666666667,0.0,0.6666666666666667
SciFact,1270,1.0,1.0,1.0,1.0,1.0,1.0,1.0,1.0,0.0,0.0,0.0,0.0
SciFact,1271,1.0,1.0,1.0,1.0,1.0,1.0,1.0,1.0,0.0,0.0,0.0,0.0
SciFact,1272,0.5,0.3333333333333333,1.0,0.3333333333333333,0.38685280723454163,0.2,1.0,0.2,-0.11314719276545837,-0.1333333333333333,0.0,-0.1333333333333333
SciFact,1273,1.0,1.0,1.0,1.0,1.0,1.0,1.0,1.0,0.0,0.0,0.0,0.0
SciFact,1274,0.6447841584694202,0.5,1.0,0.4666666666666666,0.8278123145308894,1.0,1.0,0.6428571428571429,0.18302815606146927,0.5,0.0,0.1761904761904763
SciFact,1278,0.0,0.0,0.0,0.0,0.0,0.0,0.0,0.0,0.0,0.0,0.0,0.0
SciFact,1279,0.0,0.0,0.0,0.0,0.0,0.0,0.0,0.0,0.0,0.0,0.0,0.0
SciFact,1280,0.0,0.0,0.0,0.0,0.3562071871080222,0.16666666666666666,1.0,0.16666666666666666,0.3562071871080222,0.16666666666666666,1.0,0.16666666666666666
SciFact,1281,0.0,0.0,0.0,0.0,0.0,0.0,0.0,0.0,0.0,0.0,0.0,0.0
SciFact,1282,1.0,1.0,1.0,1.0,1.0,1.0,1.0,1.0,0.0,0.0,0.0,0.0
SciFact,1290,1.0,1.0,1.0,1.0,1.0,1.0,1.0,1.0,0.0,0.0,0.0,0.0
SciFact,1292,1.0,1.0,1.0,1.0,1.0,1.0,1.0,1.0,0.0,0.0,0.0,0.0
SciFact,1298,1.0,1.0,1.0,1.0,1.0,1.0,1.0,1.0,0.0,0.0,0.0,0.0
SciFact,1303,1.0,1.0,1.0,1.0,0.3333333333333333,0.14285714285714285,1.0,0.14285714285714285,-0.6666666666666667,-0.8571428571428572,0.0,-0.8571428571428572
SciFact,1316,0.0,0.0,0.0,0.0,0.0,0.0,0.0,0.0,0.0,0.0,0.0,0.0
SciFact,1319,0.43067655807339306,0.25,1.0,0.25,0.6309297535714575,0.5,1.0,0.5,0.20025319549806447,0.25,0.0,0.25
SciFact,1320,1.0,1.0,1.0,1.0,0.6309297535714575,0.5,1.0,0.5,-0.36907024642854247,-0.5,0.0,-0.5
SciFact,1332,0.0,0.0,0.0,0.0,0.0,0.0,0.0,0.0,0.0,0.0,0.0,0.0
SciFact,1335,1.0,1.0,1.0,1.0,1.0,1.0,1.0,1.0,0.0,0.0,0.0,0.0
SciFact,1336,1.0,1.0,1.0,1.0,1.0,1.0,1.0,1.0,0.0,0.0,0.0,0.0
SciFact,1337,1.0,1.0,1.0,1.0,1.0,1.0,1.0,1.0,0.0,0.0,0.0,0.0
SciFact,1339,1.0,1.0,1.0,1.0,1.0,1.0,1.0,1.0,0.0,0.0,0.0,0.0
SciFact,1344,0.6309297535714575,0.5,1.0,0.5,0.6309297535714575,0.5,1.0,0.5,0.0,0.0,0.0,0.0
SciFact,1352,1.0,1.0,1.0,1.0,1.0,1.0,1.0,1.0,0.0,0.0,0.0,0.0
SciFact,1359,1.0,1.0,1.0,1.0,1.0,1.0,1.0,1.0,0.0,0.0,0.0,0.0
SciFact,1362,0.5,0.3333333333333333,1.0,0.3333333333333333,1.0,1.0,1.0,1.0,0.5,0.6666666666666667,0.0,0.6666666666666667
SciFact,1363,1.0,1.0,1.0,1.0,1.0,1.0,1.0,1.0,0.0,0.0,0.0,0.0
SciFact,1368,0.0,0.0,0.0,0.0,0.43067655807339306,0.25,1.0,0.25,0.43067655807339306,0.25,1.0,0.25
SciFact,1370,0.38685280723454163,0.2,1.0,0.2,0.5,0.3333333333333333,1.0,0.3333333333333333,0.11314719276545837,0.1333333333333333,0.0,0.1333333333333333
SciFact,1379,0.33424620450682646,0.3333333333333333,0.5,0.16666666666666666,0.8665427526082052,1.0,1.0,0.7041666666666666,0.5322965481013788,0.6666666666666667,0.5,0.5375
SciFact,1382,0.0,0.0,0.0,0.0,1.0,1.0,1.0,1.0,1.0,1.0,1.0,1.0
SciFact,1385,1.0,1.0,1.0,1.0,1.0,1.0,1.0,1.0,0.0,0.0,0.0,0.0
SciFact,1389,1.0,1.0,1.0,1.0,1.0,1.0,1.0,1.0,0.0,0.0,0.0,0.0
SciFact,1395,0.0,0.0,0.0,0.0,0.0,0.0,0.0,0.0,0.0,0.0,0.0,0.0
TREC-COVID,1,0.21615906613549737,1.0,0.004709576138147566,0.24285714285714283,0.4836253695564513,1.0,0.01098901098901099,0.575,0.2674663034209539,0.0,0.0062794348508634235,0.33214285714285713
TREC-COVID,2,0.4658996209235437,0.3333333333333333,0.01910828025477707,0.3296428571428571,0.7958221994596777,1.0,0.025477707006369428,0.78,0.329922578536134,0.6666666666666667,0.006369426751592359,0.4503571428571429
TREC-COVID,3,0.6471864012386492,1.0,0.011146496815286623,0.5782142857142857,0.3129069660616436,1.0,0.007961783439490446,0.26051587301587303,-0.33427943517700565,0.0,-0.0031847133757961776,-0.31769841269841265
TREC-COVID,4,0.17947710508581735,0.3333333333333333,0.003780718336483932,0.05833333333333333,0.28371255449703187,1.0,0.003780718336483932,0.12,0.10423544941121451,0.6666666666666667,0.0,0.06166666666666667
TREC-COVID,5,0.6886909856522943,1.0,0.011400651465798045,0.5782142857142857,0.45821928353743857,0.5,0.009771986970684038,0.33936507936507937,-0.23047170211485568,-0.5,-0.0016286644951140072,-0.2388492063492063
TREC-COVID,6,0.6378891765242928,0.5,0.0072992700729927005,0.4958730158730159,0.8884746192941302,1.0,0.009384775808133473,0.8521031746031745,0.2505854427698374,0.5,0.0020855057351407726,0.3562301587301586
TREC-COVID,7,0.841492960259019,1.0,0.016632016632016633,0.716111111111111,0.9216017310213247,1.0,0.018711018711018712,0.8521031746031745,0.08010877076230571,0.0,0.002079002079002079,0.1359920634920635
TREC-COVID,8,0.5587148206871071,0.5,0.00949367088607595,0.38722222222222225,0.7148105858941862,1.0,0.012658227848101266,0.6842063492063492,0.15609576520707913,0.5,0.003164556962025316,0.2969841269841269
TREC-COVID,9,0.1266477020552659,0.25,0.015706806282722512,0.10785714285714285,0.34181895781690264,0.3333333333333333,0.020942408376963352,0.16619047619047617,0.21517125576163673,0.08333333333333331,0.00523560209424084,0.05833333333333332
TREC-COVID,10,0.8513642017789715,1.0,0.018947368421052633,0.8788888888888889,0.8483308772905145,1.0,0.018947368421052633,0.8354365079365079,-0.0030333244884570565,0.0,0.0,-0.04345238095238102
TREC-COVID,11,0.0,0.0,0.0,0.0,0.4690000933206748,1.0,0.007228915662650603,0.3,0.4690000933206748,1.0,0.007228915662650603,0.3
TREC-COVID,12,0.19585173552936597,0.5,0.006493506493506494,0.2095238095238095,0.30747174521586756,0.25,0.008116883116883116,0.2023015873015873,0.1116200096865016,-0.25,0.0016233766233766222,-0.007222222222222213
TREC-COVID,13,0.7853529070204396,1.0,0.00922722029988466,0.6708730158730158,0.8603818544462509,1.0,0.00922722029988466,0.7675,0.07502894742581134,0.0,0.0,0.09662698412698412
TREC-COVID,14,0.8532918008631815,1.0,0.0392156862745098,1.0,0.08514311764162098,0.2,0.00392156862745098,0.02,-0.7681486832215605,-0.8,-0.03529411764705882,-0.98
TREC-COVID,15,0.251902160397556,1.0,0.004728132387706856,0.12,0.07336392209936005,0.14285714285714285,0.002364066193853428,0.014285714285714285,-0.17853823829819593,-0.8571428571428572,-0.002364066193853428,-0.1057142857142857
TREC-COVID,16,0.6843890850722449,1.0,0.01808785529715762,0.645,0.6797042935484945,1.0,0.023255813953488372,0.8788888888888889,-0.004684791523750453,0.0,0.0051679586563307504,0.23388888888888892
TREC-COVID,17,0.6424715091404483,1.0,0.01347305389221557,0.8521031746031745,0.698984140860956,1.0,0.01347305389221557,0.9,0.05651263172050769,0.0,0.0,0.04789682539682549
TREC-COVID,18,0.7516526889249295,1.0,0.012738853503184714,0.671111111111111,0.809598950263737,1.0,0.014331210191082803,0.8521031746031745,0.057946261338807425,0.0,0.0015923566878980888,0.18099206349206354
TREC-COVID,19,0.3978202572925396,0.5,0.05405405405405406,0.41809523809523813,0.29774733445463286,1.0,0.036036036036036036,0.3044444444444444,-0.10007292283790675,0.5,-0.01801801801801802,-0.11365079365079372
TREC-COVID,20,0.933745776545611,1.0,0.01282051282051282,0.89,1.0,1.0,0.014245014245014245,1.0,0.06625422345438903,0.0,0.0014245014245014252,0.10999999999999999
TREC-COVID,21,0.6515213700280398,0.5,0.012698412698412698,0.5877777777777778,0.29659339675602525,0.2,0.006349206349206349,0.13083333333333333,-0.35492797327201453,-0.3,-0.006349206349206349,-0.4569444444444445
TREC-COVID,22,0.8623482045275422,1.0,0.016483516483516484,0.89,1.0,1.0,0.018315018315018316,1.0,0.13765179547245776,0.0,0.001831501831501832,0.10999999999999999
TREC-COVID,23,0.7188269019525751,1.0,0.018867924528301886,0.5747619047619048,0.7415583376298142,1.0,0.0215633423180593,0.7068253968253967,0.02273143567723901,0.0,0.0026954177897574143,0.13206349206349188
TREC-COVID,24,0.8115558478722846,1.0,0.019801980198019802,0.6592063492063491,0.9118499466982855,1.0,0.024752475247524754,1.0,0.10029409882600082,0.0,0.004950495049504951,0.34079365079365087
TREC-COVID,25,0.6489315753318465,1.0,0.00945179584120983,0.5,0.8298881779744938,1.0,0.015122873345935728,0.7763888888888889,0.18095660264264724,0.0,0.005671077504725898,0.2763888888888889
TREC-COVID,26,0.407793217603673,1.0,0.005141388174807198,0.22194444444444442,0.8205228949141826,1.0,0.010282776349614395,0.6818253968253967,0.41272967731050964,0.0,0.005141388174807198,0.4598809523809523
TREC-COVID,27,0.5150966638129112,1.0,0.007067137809187279,0.35555555555555557,0.2327119414554839,0.5,0.004711425206124852,0.18285714285714288,-0.2823847223574273,-0.5,-0.0023557126030624266,-0.17269841269841268
TREC-COVID,28,0.94497705842548,1.0,0.018148820326678767,1.0,0.9608008655106622,1.0,0.018148820326678767,1.0,0.015823807085182273,0.0,0.0,0.0
TREC-COVID,29,0.8558089743028391,1.0,0.016556291390728478,1.0,0.8493978516976801,1.0,0.016556291390728478,1.0,-0.00641112260515897,0.0,0.0,0.0
TREC-COVID,30,1.0,1.0,0.02702702702702703,1.0,1.0,1.0,0.02702702702702703,1.0,0.0,0.0,0.0,0.0
TREC-COVID,31,0.10863035642611493,0.16666666666666666,0.0056657223796034,0.041666666666666664,0.14287430806944224,0.2,0.0084985835694051,0.07857142857142857,0.0342439516433273,0.033333333333333354,0.0028328611898017003,0.036904761904761905
TREC-COVID,32,0.13886244387355454,0.5,0.004629629629629629,0.05,0.5637884576902256,1.0,0.018518518518518517,0.4,0.42492601381667106,0.5,0.013888888888888888,0.35000000000000003
TREC-COVID,33,0.540288663654379,1.0,0.017793594306049824,0.36269841269841263,0.6901935063354876,1.0,0.021352313167259787,0.513095238095238,0.1499048426811086,0.0,0.0035587188612099634,0.15039682539682542
TREC-COVID,34,0.4220949603708207,0.5,0.023255813953488372,0.2583333333333333,0.629085439713692,1.0,0.040697674418604654,0.619047619047619,0.2069904793428713,0.5,0.017441860465116282,0.36071428571428565
TREC-COVID,35,0.30701473034246535,0.5,0.013761467889908258,0.14285714285714285,0.42838543210841196,1.0,0.013761467889908258,0.2375,0.12137070176594661,0.5,0.0,0.09464285714285714
TREC-COVID,36,0.933745776545611,1.0,0.014729950900163666,0.89,0.8521705090845474,1.0,0.01309328968903437,0.7434920634920634,-0.08157526746106358,0.0,-0.0016366612111292957,-0.1465079365079366
TREC-COVID,37,0.25983227167304035,0.5,0.006666666666666667,0.13999999999999999,0.6997742431027909,1.0,0.02,0.7571031746031747,0.43994197142975056,0.5,0.013333333333333332,0.6171031746031747
TREC-COVID,38,0.7589706439561908,1.0,0.00631911532385466,0.6842063492063492,0.8876193684023149,1.0,0.007898894154818325,1.0,0.12864872444612407,0.0,0.0015797788309636646,0.31579365079365085
TREC-COVID,39,0.913406683325887,1.0,0.011627906976744186,1.0,0.8975828762407047,1.0,0.011627906976744186,1.0,-0.015823807085182384,0.0,0.0,0.0
TREC-COVID,40,1.0,1.0,0.017985611510791366,1.0,1.0,1.0,0.017985611510791366,1.0,0.0,0.0,0.0,0.0
TREC-COVID,41,0.7447450603328727,1.0,0.022508038585209004,0.6361111111111111,0.7917063341896681,1.0,0.02572347266881029,0.6484920634920635,0.04696127385679538,0.0,0.0032154340836012853,0.012380952380952381
TREC-COVID,42,0.8813562702265283,1.0,0.037037037037037035,0.9,1.0,1.0,0.0411522633744856,1.0,0.1186437297734717,0.0,0.004115226337448562,0.09999999999999998
TREC-COVID,43,0.541257750889066,0.5,0.02766798418972332,0.46642857142857136,0.6247009970358761,1.0,0.023715415019762844,0.5857142857142856,0.08344324614681009,0.5,-0.003952569169960476,0.11928571428571427
TREC-COVID,44,0.8801412713899903,1.0,0.018633540372670808,0.8354365079365079,0.8899541168509599,1.0,0.018633540372670808,0.7904365079365079,0.00981284546096961,0.0,0.0,-0.04500000000000004
TREC-COVID,45,0.6463303482967213,1.0,0.011166253101736972,0.866388888888889,0.619582596561093,1.0,0.011166253101736972,0.866388888888889,-0.026747751735628267,0.0,0.0,0.0
TREC-COVID,46,0.22101098802379993,0.2,0.027472527472527472,0.20174603174603173,0.5173633627401372,1.0,0.02197802197802198,0.315,0.29635237471633724,0.8,-0.005494505494505492,0.11325396825396827
TREC-COVID,47,0.1848893028052299,0.16666666666666666,0.007142857142857143,0.07857142857142856,0.7645308661049757,1.0,0.01904761904761905,0.788888888888889,0.5796415632997458,0.8333333333333334,0.011904761904761908,0.7103174603174605
TREC-COVID,48,0.8817297706311845,1.0,0.02027027027027027,0.8354365079365079,0.5556227085191257,1.0,0.01126126126126126,0.3822222222222222,-0.32610706211205887,0.0,-0.00900900900900901,-0.45321428571428574
TREC-COVID,49,0.1584091525685025,0.25,0.008097165991902834,0.045,0.1257924511634507,0.25,0.008097165991902834,0.05833333333333333,-0.032616701405051796,0.0,0.0,0.013333333333333329
TREC-COVID,50,0.19125630062807827,0.2,0.021897810218978103,0.08607142857142858,0.5173633627401372,1.0,0.029197080291970802,0.315,0.32610706211205887,0.8,0.007299270072992699,0.22892857142857143
NF-Corpus,PLAIN-2,0.8081027286021777,1.0,0.3333333333333333,0.716111111111111,0.568701548887727,1.0,0.20833333333333334,0.3211111111111111,-0.23940117971445074,0.0,-0.12499999999999997,-0.3949999999999999
NF-Corpus,PLAIN-12,0.0,0.0,0.0,0.0,0.0,0.0,0.0,0.0,0.0,0.0,0.0,0.0
NF-Corpus,PLAIN-23,0.2354691338950244,0.5,0.044444444444444446,0.23166666666666663,0.06652600506786449,0.125,0.022222222222222223,0.0325,-0.16894312882715992,-0.375,-0.022222222222222223,-0.19916666666666663
NF-Corpus,PLAIN-33,0.0979026874404286,0.25,0.03125,0.025,0.1736770209513977,0.25,0.0625,0.05357142857142857,0.0757743335109691,0.0,0.03125,0.028571428571428567
NF-Corpus,PLAIN-44,0.0,0.0,0.0,0.0,0.04019569404504287,0.125,0.017241379310344827,0.0125,0.04019569404504287,0.125,0.017241379310344827,0.0125
NF-Corpus,PLAIN-56,0.6968732710362916,1.0,0.1,0.43809523809523804,0.5110267561049476,1.0,0.06,0.3,-0.18584651493134396,0.0,-0.04000000000000001,-0.13809523809523805
NF-Corpus,PLAIN-68,0.425035080064741,1.0,0.03636363636363636,0.13333333333333333,0.425035080064741,1.0,0.03636363636363636,0.13333333333333333,0.0,0.0,0.0,0.0
NF-Corpus,PLAIN-78,0.12741733550370724,1.0,0.016129032258064516,0.1,0.1522237641551412,0.25,0.03225806451612903,0.05357142857142857,0.024806428651433954,-0.75,0.016129032258064516,-0.04642857142857144
NF-Corpus,PLAIN-91,0.17653239837139892,1.0,0.03125,0.16666666666666666,0.29422066395233154,1.0,0.03125,0.16666666666666666,0.11768826558093262,0.0,0.0,0.0
NF-Corpus,PLAIN-102,0.12530682344457728,0.2,0.041666666666666664,0.02,0.3239134396887189,1.0,0.041666666666666664,0.1,0.1986066162441416,0.8,0.0,0.08
NF-Corpus,PLAIN-112,0.4027144836875453,1.0,0.03571428571428571,0.15,0.42222801661389164,1.0,0.03571428571428571,0.16666666666666666,0.019513532926346333,0.0,0.0,0.016666666666666663
NF-Corpus,PLAIN-123,0.04247244516790241,0.14285714285714285,0.0196078431372549,0.014285714285714285,0.08039138809008574,0.5,0.0196078431372549,0.05,0.03791894292218333,0.35714285714285715,0.0,0.03571428571428572
NF-Corpus,PLAIN-133,0.0,0.0,0.0,0.0,0.04210679386305298,0.125,0.027777777777777776,0.0125,0.04210679386305298,0.125,0.027777777777777776,0.0125
NF-Corpus,PLAIN-143,0.43929373490672136,1.0,0.0392156862745098,0.13333333333333333,0.5282800663700055,1.0,0.058823529411764705,0.3,0.08898633146328411,0.0,0.0196078431372549,0.16666666666666666
NF-Corpus,PLAIN-153,0.49704390874168247,1.0,0.1276595744680851,0.3896428571428572,0.33860396794776143,0.5,0.0851063829787234,0.24166666666666664,-0.15843994079392104,-0.5,-0.042553191489361694,-0.14797619047619054
NF-Corpus,PLAIN-165,0.21454222631433517,0.5,0.08333333333333333,0.14999999999999997,0.5298517090631136,1.0,0.1388888888888889,0.3319444444444445,0.31530948274877846,0.5,0.055555555555555566,0.18194444444444452
NF-Corpus,PLAIN-175,0.3686402433478159,1.0,0.08108108108108109,0.3,0.18102026775530972,1.0,0.05405405405405406,0.13333333333333333,-0.1876199755925062,0.0,-0.02702702702702703,-0.16666666666666666
NF-Corpus,PLAIN-186,0.13886244387355454,0.5,0.041666666666666664,0.05,0.13886244387355454,0.5,0.041666666666666664,0.05,0.0,0.0,0.0,0.0
NF-Corpus,PLAIN-196,0.6691255538181726,1.0,0.08695652173913043,0.473095238095238,0.48864468918810133,1.0,0.057971014492753624,0.2838095238095238,-0.1804808646300713,0.0,-0.02898550724637681,-0.18928571428571422
NF-Corpus,PLAIN-207,0.2866919347890071,0.5,0.05454545454545454,0.12083333333333332,0.6046855387118412,1.0,0.09090909090909091,0.40555555555555556,0.31799360392283404,0.5,0.03636363636363637,0.2847222222222222
NF-Corpus,PLAIN-217,0.0,0.0,0.0,0.0,0.0,0.0,0.0,0.0,0.0,0.0,0.0,0.0
NF-Corpus,PLAIN-227,0.09478836436955078,0.25,0.025,0.025,0.0,0.0,0.0,0.0,-0.09478836436955078,-0.25,-0.025,-0.025
NF-Corpus,PLAIN-238,0.0,0.0,0.0,0.0,0.08514311764162098,0.2,0.018518518518518517,0.02,0.08514311764162098,0.2,0.018518518518518517,0.02
NF-Corpus,PLAIN-248,0.17947710508581735,0.3333333333333333,0.06451612903225806,0.05833333333333333,0.22009176629808017,1.0,0.03225806451612903,0.1,0.040614661212262815,0.6666666666666667,-0.03225806451612903,0.04166666666666668
NF-Corpus,PLAIN-259,0.3589542101716347,1.0,0.14285714285714285,0.2,0.22009176629808017,1.0,0.07142857142857142,0.1,-0.13886244387355454,0.0,-0.07142857142857142,-0.1
NF-Corpus,PLAIN-270,0.22009176629808017,1.0,0.019230769230769232,0.1,0.37566986542073233,0.5,0.07692307692307693,0.19,0.15557809912265216,-0.5,0.057692307692307696,0.09
NF-Corpus,PLAIN-280,0.40350157154648025,1.0,0.15,0.2095238095238095,0.43735247915031,1.0,0.15,0.25,0.03385090760382975,0.0,0.0,0.0404761904761905
NF-Corpus,PLAIN-291,0.3589542101716347,1.0,0.15384615384615385,0.2,0.3589542101716347,1.0,0.15384615384615385,0.2,0.0,0.0,0.0,0.0
NF-Corpus,PLAIN-307,0.4441228664487979,0.5,0.6666666666666666,0.25,0.46927872602275644,1.0,0.3333333333333333,0.3333333333333333,0.02515585957395855,0.5,-0.3333333333333333,0.08333333333333331
NF-Corpus,PLAIN-320,0.0,0.0,0.0,0.0,0.0,0.0,0.0,0.0,0.0,0.0,0.0,0.0
NF-Corpus,PLAIN-332,0.6131471927654584,1.0,0.5,0.5,0.38685280723454163,0.5,0.5,0.25,-0.22629438553091674,-0.5,0.0,-0.25
NF-Corpus,PLAIN-344,0.08228688650337701,0.125,0.03278688524590164,0.034722222222222224,0.13347537859706934,1.0,0.01639344262295082,0.1,0.051188492093692334,0.875,-0.01639344262295082,0.06527777777777778
NF-Corpus,PLAIN-358,0.0,0.0,0.0,0.0,0.0,0.0,0.0,0.0,0.0,0.0,0.0,0.0
NF-Corpus,PLAIN-371,0.12669792223864473,0.14285714285714285,0.5,0.07142857142857142,0.16369747519436975,0.25,0.5,0.125,0.03699955295572502,0.10714285714285715,0.0,0.053571428571428575
NF-Corpus,PLAIN-383,0.10699313236726378,0.125,0.2,0.025,0.3391602052736161,1.0,0.2,0.2,0.23216707290635236,0.875,0.0,0.17500000000000002
NF-Corpus,PLAIN-395,0.0,0.0,0.0,0.0,0.0,0.0,0.0,0.0,0.0,0.0,0.0,0.0
NF-Corpus,PLAIN-407,0.6387878864795979,1.0,0.3333333333333333,0.3333333333333333,0.6387878864795979,1.0,0.3333333333333333,0.3333333333333333,0.0,0.0,0.0,0.0
NF-Corpus,PLAIN-418,0.7606220037494031,1.0,0.6666666666666666,0.5,0.6916951540553927,1.0,0.6666666666666666,0.40740740740740744,-0.06892684969401042,0.0,0.0,-0.09259259259259256
NF-Corpus,PLAIN-430,0.5974004989549763,1.0,0.375,0.34375,0.327714362946229,0.5,0.25,0.14583333333333331,-0.26968613600874725,-0.5,-0.125,-0.19791666666666669
NF-Corpus,PLAIN-441,0.9649970362857294,1.0,1.0,0.8444444444444444,0.7182322615370308,1.0,0.6,0.3933333333333333,-0.24676477474869862,0.0,-0.4,-0.45111111111111113
NF-Corpus,PLAIN-457,0.0,0.0,0.0,0.0,0.0,0.0,0.0,0.0,0.0,0.0,0.0,0.0
NF-Corpus,PLAIN-468,0.2406871186625798,0.2,0.2,0.05333333333333333,0.2555887020300086,0.3333333333333333,0.2,0.05333333333333333,0.014901583367428806,0.1333333333333333,0.0,0.0
NF-Corpus,PLAIN-478,0.0,0.0,0.0,0.0,0.0,0.0,0.0,0.0,0.0,0.0,0.0,0.0
NF-Corpus,PLAIN-488,0.933745776545611,1.0,0.6,0.89,0.9266360779006401,1.0,0.6,0.866388888888889,-0.007109698644970908,0.0,0.0,-0.023611111111111027
NF-Corpus,PLAIN-499,0.4690000933206748,1.0,0.08823529411764706,0.3,0.06362078819895171,0.1,0.029411764705882353,0.01,-0.4053793051217231,-0.9,-0.05882352941176471,-0.29
NF-Corpus,PLAIN-510,0.0,0.0,0.0,0.0,0.0,0.0,0.0,0.0,0.0,0.0,0.0,0.0
NF-Corpus,PLAIN-520,0.0,0.0,0.0,0.0,0.0,0.0,0.0,0.0,0.0,0.0,0.0,0.0
NF-Corpus,PLAIN-531,0.3183191637810562,0.3333333333333333,0.012987012987012988,0.13999999999999999,0.3562315886146009,0.3333333333333333,0.012987012987012988,0.18777777777777777,0.03791242483354473,0.0,0.0,0.04777777777777778
NF-Corpus,PLAIN-541,0.32665167016610913,0.25,0.5,0.15178571428571427,0.20865662569078208,0.16666666666666666,0.3333333333333333,0.07539682539682539,-0.11799504447532705,-0.08333333333333334,-0.16666666666666669,-0.07638888888888888
NF-Corpus,PLAIN-551,0.0,0.0,0.0,0.0,0.0,0.0,0.0,0.0,0.0,0.0,0.0,0.0
NF-Corpus,PLAIN-561,0.3589542101716347,1.0,0.08,0.2,0.3589542101716347,1.0,0.08,0.2,0.0,0.0,0.0,0.0
NF-Corpus,PLAIN-571,0.2558209594125084,0.3333333333333333,0.2857142857142857,0.11904761904761904,0.22471947398559278,0.25,0.2857142857142857,0.09285714285714286,-0.031101485426915598,-0.08333333333333331,0.0,-0.02619047619047618
NF-Corpus,PLAIN-583,0.0,0.0,0.0,0.0,0.0,0.0,0.0,0.0,0.0,0.0,0.0,0.0
NF-Corpus,PLAIN-593,0.46927872602275644,1.0,0.3333333333333333,0.3333333333333333,0.46927872602275644,1.0,0.3333333333333333,0.3333333333333333,0.0,0.0,0.0,0.0
NF-Corpus,PLAIN-603,0.0,0.0,0.0,0.0,0.0,0.0,0.0,0.0,0.0,0.0,0.0,0.0
NF-Corpus,PLAIN-613,0.06362078819895171,0.1,0.1,0.01,0.22009176629808017,1.0,0.1,0.1,0.15647097809912847,0.9,0.0,0.09000000000000001
NF-Corpus,PLAIN-623,0.2489083270225946,0.5,0.04878048780487805,0.11666666666666665,0.2489083270225946,0.5,0.04878048780487805,0.11666666666666665,0.0,0.0,0.0,0.0
NF-Corpus,PLAIN-634,0.13886244387355454,0.5,0.047619047619047616,0.05,0.13886244387355454,0.5,0.047619047619047616,0.05,0.0,0.0,0.0,0.0
NF-Corpus,PLAIN-645,0.0,0.0,0.0,0.0,0.0,0.0,0.0,0.0,0.0,0.0,0.0,0.0
NF-Corpus,PLAIN-660,1.0,1.0,0.021052631578947368,1.0,1.0,1.0,0.021052631578947368,1.0,0.0,0.0,0.0,0.0
NF-Corpus,PLAIN-671,1.0,1.0,1.0,1.0,1.0,1.0,1.0,1.0,0.0,0.0,0.0,0.0
NF-Corpus,PLAIN-681,1.0,1.0,1.0,1.0,1.0,1.0,1.0,1.0,0.0,0.0,0.0,0.0
NF-Corpus,PLAIN-691,0.0,0.0,0.0,0.0,0.0,0.0,0.0,0.0,0.0,0.0,0.0,0.0
NF-Corpus,PLAIN-701,0.361879195385413,1.0,0.25,0.1875,0.6012628110727576,1.0,0.5,0.40625,0.23938361568734456,0.0,0.25,0.21875
NF-Corpus,PLAIN-711,0.22009176629808017,1.0,0.017543859649122806,0.1,0.22009176629808017,1.0,0.017543859649122806,0.1,0.0,0.0,0.0,0.0
NF-Corpus,PLAIN-721,1.0,1.0,0.4,1.0,1.0,1.0,0.4,1.0,0.0,0.0,0.0,0.0
NF-Corpus,PLAIN-731,0.7909506325094737,1.0,0.12962962962962962,0.67,0.857980942822373,1.0,0.14814814814814814,0.7621031746031746,0.0670303103128993,0.0,0.018518518518518517,0.09210317460317452
NF-Corpus,PLAIN-741,0.84860265890399,1.0,0.42105263157894735,0.736547619047619,0.7312625444731047,1.0,0.3684210526315789,0.5782142857142857,-0.11734011443088532,0.0,-0.05263157894736842,-0.15833333333333333
NF-Corpus,PLAIN-751,0.0,0.0,0.0,0.0,0.0,0.0,0.0,0.0,0.0,0.0,0.0,0.0
NF-Corpus,PLAIN-761,0.15130120674940672,0.3333333333333333,0.16666666666666666,0.05555555555555555,0.30260241349881345,1.0,0.16666666666666666,0.16666666666666666,0.15130120674940672,0.6666666666666667,0.0,0.1111111111111111
NF-Corpus,PLAIN-771,1.0,1.0,1.0,1.0,1.0,1.0,1.0,1.0,0.0,0.0,0.0,0.0
NF-Corpus,PLAIN-782,0.0,0.0,0.0,0.0,0.0,0.0,0.0,0.0,0.0,0.0,0.0,0.0
NF-Corpus,PLAIN-792,0.644824486427155,1.0,0.5,0.5,0.644824486427155,1.0,0.5,0.5,0.0,0.0,0.0,0.0
NF-Corpus,PLAIN-806,0.857980942822373,1.0,0.08333333333333333,0.7621031746031746,0.8389574121760602,1.0,0.08333333333333333,0.716547619047619,-0.019023530646312792,0.0,0.0,-0.04555555555555557
NF-Corpus,PLAIN-817,0.0,0.0,0.0,0.0,0.0,0.0,0.0,0.0,0.0,0.0,0.0,0.0
NF-Corpus,PLAIN-827,0.43808927588501717,0.5,0.020491803278688523,0.24555555555555558,0.8611375561264454,1.0,0.036885245901639344,0.7571031746031747,0.4230482802414282,0.5,0.01639344262295082,0.5115476190476191
NF-Corpus,PLAIN-838,0.8550956239938448,1.0,0.7777777777777778,0.7777777777777778,0.8550956239938448,1.0,0.7777777777777778,0.7777777777777778,0.0,0.0,0.0,0.0
NF-Corpus,PLAIN-850,0.6489315753318465,1.0,0.08771929824561403,0.5,0.6489315753318465,1.0,0.08771929824561403,0.5,0.0,0.0,0.0,0.0
NF-Corpus,PLAIN-872,0.0,0.0,0.0,0.0,0.0,0.0,0.0,0.0,0.0,0.0,0.0,0.0
NF-Corpus,PLAIN-882,0.3589542101716347,1.0,0.13333333333333333,0.2,0.3589542101716347,1.0,0.13333333333333333,0.2,0.0,0.0,0.0,0.0
NF-Corpus,PLAIN-892,0.727329844310522,1.0,0.06521739130434782,0.6,0.793584067764911,1.0,0.07608695652173914,0.6777777777777778,0.06625422345438903,0.0,0.010869565217391311,0.07777777777777783
NF-Corpus,PLAIN-902,0.6366824387328317,1.0,0.5,0.5,0.5855700749881525,1.0,0.5,0.41666666666666663,-0.0511123637446792,0.0,0.0,-0.08333333333333337
NF-Corpus,PLAIN-913,0.933745776545611,1.0,0.2647058823529412,0.89,0.933745776545611,1.0,0.2647058823529412,0.89,0.0,0.0,0.0,0.0
NF-Corpus,PLAIN-924,0.22009176629808017,1.0,0.03125,0.1,0.22009176629808017,1.0,0.03125,0.1,0.0,0.0,0.0,0.0
NF-Corpus,PLAIN-934,0.7975167679274937,1.0,0.07920792079207921,0.6671031746031746,0.5926825204089028,1.0,0.0594059405940594,0.3763095238095238,-0.20483424751859092,0.0,-0.019801980198019806,-0.29079365079365077
NF-Corpus,PLAIN-946,0.31488013066763093,1.0,0.06451612903225806,0.15,0.19518900079066107,0.3333333333333333,0.06451612903225806,0.07333333333333333,-0.11969112987696987,-0.6666666666666667,0.0,-0.07666666666666666
NF-Corpus,PLAIN-956,0.3882047626431879,0.25,0.024271844660194174,0.2094444444444444,0.5670429581667766,1.0,0.024271844660194174,0.36476190476190473,0.17883819552358876,0.75,0.0,0.15531746031746033
NF-Corpus,PLAIN-966,0.14126697285982898,0.1111111111111111,0.3333333333333333,0.037037037037037035,0.2960819109658652,0.5,0.3333333333333333,0.16666666666666666,0.15481493810603625,0.3888888888888889,0.0,0.12962962962962962
NF-Corpus,PLAIN-977,0.14126697285982898,0.1111111111111111,0.3333333333333333,0.037037037037037035,0.2960819109658652,0.5,0.3333333333333333,0.16666666666666666,0.15481493810603625,0.3888888888888889,0.0,0.12962962962962962
NF-Corpus,PLAIN-987,0.23463936301137822,0.3333333333333333,0.3333333333333333,0.1111111111111111,0.46927872602275644,1.0,0.3333333333333333,0.3333333333333333,0.23463936301137822,0.6666666666666667,0.0,0.2222222222222222
NF-Corpus,PLAIN-997,0.0,0.0,0.0,0.0,0.0,0.0,0.0,0.0,0.0,0.0,0.0,0.0
NF-Corpus,PLAIN-1008,0.0,0.0,0.0,0.0,0.0,0.0,0.0,0.0,0.0,0.0,0.0,0.0
NF-Corpus,PLAIN-1018,0.4922818839877925,0.3333333333333333,0.1,0.3196428571428571,0.5053603444371989,0.3333333333333333,0.1,0.3414285714285714,0.013078460449406415,0.0,0.0,0.021785714285714297
NF-Corpus,PLAIN-1028,0.0,0.0,0.0,0.0,0.0,0.0,0.0,0.0,0.0,0.0,0.0,0.0
NF-Corpus,PLAIN-1039,1.0,1.0,1.0,1.0,1.0,1.0,1.0,1.0,0.0,0.0,0.0,0.0
NF-Corpus,PLAIN-1050,0.06362078819895171,0.1,0.010638297872340425,0.01,0.0,0.0,0.0,0.0,-0.06362078819895171,-0.1,-0.010638297872340425,-0.01
NF-Corpus,PLAIN-1066,0.0,0.0,0.0,0.0,0.0,0.0,0.0,0.0,0.0,0.0,0.0,0.0
NF-Corpus,PLAIN-1088,0.5531464700081437,1.0,0.4,0.4,0.5531464700081437,1.0,0.4,0.4,0.0,0.0,0.0,0.0
NF-Corpus,PLAIN-1098,0.0,0.0,0.0,0.0,0.0,0.0,0.0,0.0,0.0,0.0,0.0,0.0
NF-Corpus,PLAIN-1109,0.6046855387118412,1.0,0.05102040816326531,0.40555555555555556,0.5919268187287083,1.0,0.05102040816326531,0.38916666666666666,-0.012758719983132827,0.0,0.0,-0.016388888888888897
NF-Corpus,PLAIN-1119,0.0,0.0,0.0,0.0,0.0,0.0,0.0,0.0,0.0,0.0,0.0,0.0
NF-Corpus,PLAIN-1130,1.0,1.0,1.0,1.0,1.0,1.0,1.0,1.0,0.0,0.0,0.0,0.0
NF-Corpus,PLAIN-1141,0.22009176629808017,1.0,0.0625,0.1,0.22009176629808017,1.0,0.0625,0.1,0.0,0.0,0.0,0.0
NF-Corpus,PLAIN-1151,0.23440650992329987,0.25,0.0196078431372549,0.0869047619047619,0.2980272981222516,0.25,0.026143790849673203,0.1269047619047619,0.06362078819895173,0.0,0.006535947712418302,0.04000000000000001
NF-Corpus,PLAIN-1161,0.0,0.0,0.0,0.0,0.0,0.0,0.0,0.0,0.0,0.0,0.0,0.0
NF-Corpus,PLAIN-1172,0.22009176629808017,1.0,0.05263157894736842,0.1,0.22009176629808017,1.0,0.05263157894736842,0.1,0.0,0.0,0.0,0.0
NF-Corpus,PLAIN-1183,0.28952298823485745,1.0,0.08,0.125,0.13698471029831175,0.14285714285714285,0.08,0.03428571428571429,-0.1525382779365457,-0.8571428571428572,0.0,-0.09071428571428572
NF-Corpus,PLAIN-1193,0.06362078819895171,0.1,0.05555555555555555,0.01,0.13886244387355454,0.5,0.05555555555555555,0.05,0.07524165567460282,0.4,0.0,0.04
NF-Corpus,PLAIN-1203,0.3589542101716347,1.0,0.16666666666666666,0.2,0.3589542101716347,1.0,0.16666666666666666,0.2,0.0,0.0,0.0,0.0
NF-Corpus,PLAIN-1214,0.0,0.0,0.0,0.0,0.0,0.0,0.0,0.0,0.0,0.0,0.0,0.0
NF-Corpus,PLAIN-1225,0.5363559634917963,0.5,0.2222222222222222,0.35297619047619044,0.6809047493604335,1.0,0.2222222222222222,0.49833333333333324,0.1445487858686373,0.5,0.0,0.1453571428571428
NF-Corpus,PLAIN-1236,0.3391602052736161,1.0,0.2,0.2,0.3391602052736161,1.0,0.2,0.2,0.0,0.0,0.0,0.0
NF-Corpus,PLAIN-1249,0.0,0.0,0.0,0.0,0.0,0.0,0.0,0.0,0.0,0.0,0.0,0.0
NF-Corpus,PLAIN-1262,0.2082936658103318,0.5,0.2,0.075,0.4690000933206748,1.0,0.3,0.3,0.260706427510343,0.5,0.09999999999999998,0.22499999999999998
NF-Corpus,PLAIN-1275,0.4537425745411855,1.0,0.05454545454545454,0.275,0.3589542101716347,1.0,0.03636363636363636,0.2,-0.09478836436955079,0.0,-0.01818181818181818,-0.07500000000000001
NF-Corpus,PLAIN-1288,0.7381919257729245,1.0,0.03571428571428571,0.5541666666666667,0.6987957033953602,1.0,0.030612244897959183,0.53,-0.03939622237756424,0.0,-0.005102040816326529,-0.02416666666666667
NF-Corpus,PLAIN-1299,0.30523488393970116,1.0,0.03278688524590164,0.13999999999999999,0.22009176629808017,1.0,0.01639344262295082,0.1,-0.085143117641621,0.0,-0.01639344262295082,-0.03999999999999998
NF-Corpus,PLAIN-1309,0.0,0.0,0.0,0.0,0.0,0.0,0.0,0.0,0.0,0.0,0.0,0.0
NF-Corpus,PLAIN-1320,0.43768250601780867,0.5,0.5,0.2569444444444444,0.2032495876139783,0.16666666666666666,0.3333333333333333,0.06944444444444443,-0.23443291840383038,-0.33333333333333337,-0.16666666666666669,-0.1875
NF-Corpus,PLAIN-1331,0.0,0.0,0.0,0.0,0.0,0.0,0.0,0.0,0.0,0.0,0.0,0.0
NF-Corpus,PLAIN-1342,0.39092738420022166,0.5,0.25,0.20666666666666664,0.2973694836145356,0.5,0.1875,0.13285714285714284,-0.09355790058568608,0.0,-0.0625,-0.0738095238095238
NF-Corpus,PLAIN-1353,0.0,0.0,0.0,0.0,0.0,0.0,0.0,0.0,0.0,0.0,0.0,0.0
NF-Corpus,PLAIN-1363,0.22009176629808017,1.0,0.09090909090909091,0.1,0.22009176629808017,1.0,0.09090909090909091,0.1,0.0,0.0,0.0,0.0
NF-Corpus,PLAIN-1374,0.08514311764162098,0.2,0.038461538461538464,0.02,0.0,0.0,0.0,0.0,-0.08514311764162098,-0.2,-0.038461538461538464,-0.02
NF-Corpus,PLAIN-1387,0.6569815082938864,1.0,0.5,0.4476984126984126,0.4330549290057019,0.5,0.4166666666666667,0.2384126984126984,-0.22392657928818444,-0.5,-0.08333333333333331,-0.20928571428571419
NF-Corpus,PLAIN-1398,1.0,1.0,0.0970873786407767,1.0,1.0,1.0,0.0970873786407767,1.0,0.0,0.0,0.0,0.0
NF-Corpus,PLAIN-1409,0.06362078819895171,0.1,0.003952569169960474,0.01,0.3971921948634016,0.5,0.015810276679841896,0.22666666666666666,0.3335714066644499,0.4,0.011857707509881422,0.21666666666666665
NF-Corpus,PLAIN-1419,0.31488013066763093,1.0,0.03076923076923077,0.15,0.3589542101716347,1.0,0.03076923076923077,0.2,0.04407407950400377,0.0,0.0,0.05000000000000002
NF-Corpus,PLAIN-1429,0.0,0.0,0.0,0.0,0.0,0.0,0.0,0.0,0.0,0.0,0.0,0.0
NF-Corpus,PLAIN-1441,0.4288398090337664,0.5,0.021505376344086023,0.27166666666666667,0.8512360941594274,1.0,0.043010752688172046,0.745436507936508,0.42239628512566096,0.5,0.021505376344086023,0.4737698412698413
NF-Corpus,PLAIN-1453,0.30523488393970116,1.0,0.00816326530612245,0.13999999999999999,0.38113435412202,1.0,0.012244897959183673,0.18333333333333332,0.07589947018231885,0.0,0.004081632653061223,0.043333333333333335
NF-Corpus,PLAIN-1463,0.40350157154648025,1.0,0.125,0.2095238095238095,0.2489083270225946,0.5,0.08333333333333333,0.11666666666666665,-0.15459324452388565,-0.5,-0.04166666666666667,-0.09285714285714285
NF-Corpus,PLAIN-1473,1.0,1.0,1.0,1.0,1.0,1.0,1.0,1.0,0.0,0.0,0.0,0.0
NF-Corpus,PLAIN-1485,0.0,0.0,0.0,0.0,0.0,0.0,0.0,0.0,0.0,0.0,0.0,0.0
NF-Corpus,PLAIN-1496,0.0,0.0,0.0,0.0,0.0,0.0,0.0,0.0,0.0,0.0,0.0,0.0
NF-Corpus,PLAIN-1506,0.2984900352767555,1.0,0.13333333333333333,0.13333333333333333,0.23365080824310533,0.5,0.13333333333333333,0.1,-0.06483922703365017,-0.5,0.0,-0.033333333333333326
NF-Corpus,PLAIN-1516,0.0,0.0,0.0,0.0,0.0,0.0,0.0,0.0,0.0,0.0,0.0,0.0
NF-Corpus,PLAIN-1527,0.8603818544462509,1.0,0.039603960396039604,0.7675,0.7967610662472993,1.0,0.034653465346534656,0.6875,-0.06362078819895167,0.0,-0.004950495049504948,-0.07999999999999996
NF-Corpus,PLAIN-1537,0.0,0.0,0.0,0.0,0.5481351590340573,0.5,0.13333333333333333,0.37249999999999994,0.5481351590340573,0.5,0.13333333333333333,0.37249999999999994
NF-Corpus,PLAIN-1547,0.0,0.0,0.0,0.0,0.0,0.0,0.0,0.0,0.0,0.0,0.0,0.0
NF-Corpus,PLAIN-1557,0.2781981696179509,0.3333333333333333,0.11538461538461539,0.1261904761904762,0.19518900079066107,0.3333333333333333,0.07692307692307693,0.07333333333333333,-0.08300916882728984,0.0,-0.038461538461538464,-0.05285714285714285
NF-Corpus,PLAIN-1568,1.0,1.0,1.0,1.0,1.0,1.0,1.0,1.0,0.0,0.0,0.0,0.0
NF-Corpus,PLAIN-1579,0.3391602052736161,1.0,0.2,0.2,0.21398626473452756,0.5,0.2,0.1,-0.12517394053908856,-0.5,0.0,-0.1
NF-Corpus,PLAIN-1590,0.22009176629808017,1.0,0.05555555555555555,0.1,0.13886244387355454,0.5,0.05555555555555555,0.05,-0.08122932242452563,-0.5,0.0,-0.05
NF-Corpus,PLAIN-1601,0.5806020001118019,0.5,0.08108108108108109,0.4407142857142857,0.6149518506608846,1.0,0.08108108108108109,0.39630952380952383,0.034349850549082794,0.5,0.0,-0.04440476190476189
NF-Corpus,PLAIN-1611,0.0,0.0,0.0,0.0,0.0,0.0,0.0,0.0,0.0,0.0,0.0,0.0
NF-Corpus,PLAIN-1621,0.0,0.0,0.0,0.0,0.0,0.0,0.0,0.0,0.0,0.0,0.0,0.0
NF-Corpus,PLAIN-1635,0.5017100640839688,0.5,0.013921113689095127,0.3055555555555556,0.9266360779006401,1.0,0.02088167053364269,0.866388888888889,0.4249260138166713,0.5,0.0069605568445475635,0.5608333333333334
NF-Corpus,PLAIN-1645,0.30260241349881345,1.0,0.16666666666666666,0.16666666666666666,0.30260241349881345,1.0,0.16666666666666666,0.16666666666666666,0.0,0.0,0.0,0.0
NF-Corpus,PLAIN-1656,0.09478836436955078,0.25,0.03571428571428571,0.025,0.11004588314904008,0.3333333333333333,0.03571428571428571,0.03333333333333333,0.015257518779489304,0.08333333333333331,0.0,0.008333333333333331
NF-Corpus,PLAIN-1667,0.7479350596733328,1.0,0.0440251572327044,0.5792063492063492,0.6437684113853992,1.0,0.03773584905660377,0.4296428571428571,-0.10416664828793365,0.0,-0.0062893081761006275,-0.14956349206349207
NF-Corpus,PLAIN-1679,0.0,0.0,0.0,0.0,0.0,0.0,0.0,0.0,0.0,0.0,0.0,0.0
NF-Corpus,PLAIN-1690,0.0,0.0,0.0,0.0,0.0,0.0,0.0,0.0,0.0,0.0,0.0,0.0
NF-Corpus,PLAIN-1700,0.0,0.0,0.0,0.0,0.0,0.0,0.0,0.0,0.0,0.0,0.0,0.0
NF-Corpus,PLAIN-1710,1.0,1.0,0.625,1.0,1.0,1.0,0.625,1.0,0.0,0.0,0.0,0.0
NF-Corpus,PLAIN-1721,0.6621137423456802,1.0,0.1935483870967742,0.4647619047619048,0.6652907408280685,1.0,0.1935483870967742,0.4730952380952381,0.0031769984823882824,0.0,0.0,0.008333333333333304
NF-Corpus,PLAIN-1731,0.7653606369886217,1.0,0.6666666666666666,0.6666666666666666,0.7653606369886217,1.0,0.6666666666666666,0.6666666666666666,0.0,0.0,0.0,0.0
NF-Corpus,PLAIN-1741,1.0,1.0,0.023809523809523808,1.0,1.0,1.0,0.023809523809523808,1.0,0.0,0.0,0.0,0.0
NF-Corpus,PLAIN-1752,0.0,0.0,0.0,0.0,0.0,0.0,0.0,0.0,0.0,0.0,0.0,0.0
NF-Corpus,PLAIN-1762,0.26852556974265224,0.5,0.25,0.125,0.41253177989255346,1.0,0.25,0.25,0.14400621014990123,0.5,0.0,0.125
NF-Corpus,PLAIN-1772,1.0,1.0,1.0,1.0,1.0,1.0,1.0,1.0,0.0,0.0,0.0,0.0
NF-Corpus,PLAIN-1784,0.0,0.0,0.0,0.0,0.0,0.0,0.0,0.0,0.0,0.0,0.0,0.0
NF-Corpus,PLAIN-1794,1.0,1.0,1.0,1.0,1.0,1.0,1.0,1.0,0.0,0.0,0.0,0.0
NF-Corpus,PLAIN-1805,0.9305687780632227,1.0,0.07758620689655173,0.8788888888888889,0.9052116356304493,1.0,0.07758620689655173,0.8154365079365078,-0.025357142432773427,0.0,0.0,-0.06345238095238115
NF-Corpus,PLAIN-1817,0.5384313152574521,1.0,0.14814814814814814,0.35,0.5473983622993502,1.0,0.14814814814814814,0.36666666666666664,0.008967047041898102,0.0,0.0,0.016666666666666663
NF-Corpus,PLAIN-1827,0.0,0.0,0.0,0.0,0.0,0.0,0.0,0.0,0.0,0.0,0.0,0.0
NF-Corpus,PLAIN-1837,1.0,1.0,0.05102040816326531,1.0,1.0,1.0,0.05102040816326531,1.0,0.0,0.0,0.0,0.0
NF-Corpus,PLAIN-1847,0.33013764944712026,1.0,0.18181818181818182,0.16666666666666666,0.2489083270225946,0.5,0.18181818181818182,0.11666666666666665,-0.08122932242452566,-0.5,0.0,-0.05
NF-Corpus,PLAIN-1857,0.6274092458891772,1.0,0.15151515151515152,0.45,0.6371523797895856,1.0,0.15151515151515152,0.4714285714285714,0.009743133900408374,0.0,0.0,0.021428571428571408
NF-Corpus,PLAIN-1867,0.0,0.0,0.0,0.0,0.0,0.0,0.0,0.0,0.0,0.0,0.0,0.0
NF-Corpus,PLAIN-1877,0.0,0.0,0.0,0.0,0.0,0.0,0.0,0.0,0.0,0.0,0.0,0.0
NF-Corpus,PLAIN-1887,0.0,0.0,0.0,0.0,0.0,0.0,0.0,0.0,0.0,0.0,0.0,0.0
NF-Corpus,PLAIN-1897,0.0,0.0,0.0,0.0,0.0,0.0,0.0,0.0,0.0,0.0,0.0,0.0
NF-Corpus,PLAIN-1909,1.0,1.0,0.02159827213822894,1.0,0.8572048559638628,1.0,0.017278617710583154,0.7577777777777778,-0.14279514403613724,0.0,-0.004319654427645786,-0.24222222222222223
NF-Corpus,PLAIN-1919,0.793584067764911,1.0,0.25925925925925924,0.6777777777777778,0.7967610662472993,1.0,0.25925925925925924,0.6875,0.0031769984823882824,0.0,0.0,0.009722222222222188
NF-Corpus,PLAIN-1929,0.0,0.0,0.0,0.0,0.0,0.0,0.0,0.0,0.0,0.0,0.0,0.0
NF-Corpus,PLAIN-1940,0.3589542101716347,1.0,0.16666666666666666,0.2,0.33013764944712026,1.0,0.16666666666666666,0.16666666666666666,-0.02881656072451444,0.0,0.0,-0.033333333333333354
NF-Corpus,PLAIN-1950,0.2489083270225946,0.5,0.15384615384615385,0.11666666666666665,0.2489083270225946,0.5,0.15384615384615385,0.11666666666666665,0.0,0.0,0.0,0.0
NF-Corpus,PLAIN-1962,0.0,0.0,0.0,0.0,0.0,0.0,0.0,0.0,0.0,0.0,0.0,0.0
NF-Corpus,PLAIN-1972,0.0,0.0,0.0,0.0,0.0,0.0,0.0,0.0,0.0,0.0,0.0,0.0
NF-Corpus,PLAIN-1983,1.0,1.0,0.3125,1.0,1.0,1.0,0.3125,1.0,0.0,0.0,0.0,0.0
NF-Corpus,PLAIN-1995,0.0,0.0,0.0,0.0,0.0,0.0,0.0,0.0,0.0,0.0,0.0,0.0
NF-Corpus,PLAIN-2009,0.12647135138382856,0.3333333333333333,0.125,0.041666666666666664,0.12647135138382856,0.3333333333333333,0.125,0.041666666666666664,0.0,0.0,0.0,0.0
NF-Corpus,PLAIN-2019,0.46927872602275644,1.0,0.3333333333333333,0.3333333333333333,0.46927872602275644,1.0,0.3333333333333333,0.3333333333333333,0.0,0.0,0.0,0.0
NF-Corpus,PLAIN-2030,0.30260241349881345,1.0,0.16666666666666666,0.16666666666666666,0.19092086617893467,0.5,0.16666666666666666,0.08333333333333333,-0.11168154731987878,-0.5,0.0,-0.08333333333333333
NF-Corpus,PLAIN-2040,0.7573821447149967,1.0,0.05303030303030303,0.5880952380952381,0.8630152897016883,1.0,0.06060606060606061,0.7763888888888889,0.10563314498669163,0.0,0.007575757575757576,0.1882936507936508
NF-Corpus,PLAIN-2051,0.7133080652109929,1.0,0.01971830985915493,0.5297619047619049,0.5388856921828065,1.0,0.011267605633802818,0.355,-0.17442237302818642,0.0,-0.008450704225352114,-0.1747619047619049
NF-Corpus,PLAIN-2061,0.933745776545611,1.0,0.02195121951219512,0.89,1.0,1.0,0.024390243902439025,1.0,0.06625422345438903,0.0,0.0024390243902439046,0.10999999999999999
NF-Corpus,PLAIN-2071,0.5810820381115676,1.0,0.1111111111111111,0.36714285714285716,0.43828689407543014,1.0,0.08888888888888889,0.21749999999999997,-0.1427951440361374,0.0,-0.022222222222222213,-0.1496428571428572
NF-Corpus,PLAIN-2081,1.0,1.0,1.0,1.0,1.0,1.0,1.0,1.0,0.0,0.0,0.0,0.0
NF-Corpus,PLAIN-2092,0.6489315753318465,1.0,0.5,0.5,0.6489315753318465,1.0,0.5,0.5,0.0,0.0,0.0,0.0
NF-Corpus,PLAIN-2102,0.5352543167750639,1.0,0.009501187648456057,0.34444444444444444,0.7065632165480471,1.0,0.0166270783847981,0.5164285714285715,0.17130889977298325,0.0,0.007125890736342042,0.17198412698412702
NF-Corpus,PLAIN-2113,0.0,0.0,0.0,0.0,0.0,0.0,0.0,0.0,0.0,0.0,0.0,0.0
NF-Corpus,PLAIN-2124,0.3589542101716347,1.0,0.11764705882352941,0.2,0.3589542101716347,1.0,0.11764705882352941,0.2,0.0,0.0,0.0,0.0
NF-Corpus,PLAIN-2134,0.0,0.0,0.0,0.0,0.0,0.0,0.0,0.0,0.0,0.0,0.0,0.0
NF-Corpus,PLAIN-2145,0.1482972305701491,0.5,0.1111111111111111,0.05555555555555555,0.11752277470724268,0.3333333333333333,0.1111111111111111,0.037037037037037035,-0.03077445586290642,-0.16666666666666669,0.0,-0.018518518518518517
NF-Corpus,PLAIN-2156,0.644824486427155,1.0,0.5,0.5,0.644824486427155,1.0,0.5,0.5,0.0,0.0,0.0,0.0
NF-Corpus,PLAIN-2167,0.0,0.0,0.0,0.0,0.0,0.0,0.0,0.0,0.0,0.0,0.0,0.0
NF-Corpus,PLAIN-2177,0.29727159644205703,0.5,0.125,0.13,0.2973694836145356,0.5,0.125,0.13285714285714284,9.788717247855017e-05,0.0,0.0,0.002857142857142836
NF-Corpus,PLAIN-2187,0.38334277998463445,1.0,0.2222222222222222,0.2222222222222222,0.38334277998463445,1.0,0.2222222222222222,0.2222222222222222,0.0,0.0,0.0,0.0
NF-Corpus,PLAIN-2197,0.857980942822373,1.0,0.13793103448275862,0.7621031746031746,0.8415908474314976,1.0,0.13793103448275862,0.7254365079365078,-0.016390095390875437,0.0,0.0,-0.036666666666666736
NF-Corpus,PLAIN-2209,0.0,0.0,0.0,0.0,0.0,0.0,0.0,0.0,0.0,0.0,0.0,0.0
NF-Corpus,PLAIN-2220,0.23504554941448536,1.0,0.1111111111111111,0.1111111111111111,0.23504554941448536,1.0,0.1111111111111111,0.1111111111111111,0.0,0.0,0.0,0.0
NF-Corpus,PLAIN-2230,0.0,0.0,0.0,0.0,0.0,0.0,0.0,0.0,0.0,0.0,0.0,0.0
NF-Corpus,PLAIN-2240,0.5517854393872873,1.0,0.45454545454545453,0.3480952380952381,0.6172839611614819,1.0,0.45454545454545453,0.4383333333333333,0.06549852177419457,0.0,0.0,0.09023809523809517
NF-Corpus,PLAIN-2250,0.0,0.0,0.0,0.0,0.0,0.0,0.0,0.0,0.0,0.0,0.0,0.0
NF-Corpus,PLAIN-2261,0.44903378752009243,0.5,0.08333333333333333,0.2571428571428571,0.715550648768261,1.0,0.1,0.569047619047619,0.2665168612481686,0.5,0.016666666666666677,0.3119047619047619
NF-Corpus,PLAIN-2271,0.0,0.0,0.0,0.0,0.0,0.0,0.0,0.0,0.0,0.0,0.0,0.0
NF-Corpus,PLAIN-2281,0.0,0.0,0.0,0.0,0.0,0.0,0.0,0.0,0.0,0.0,0.0,0.0
NF-Corpus,PLAIN-2291,0.45221360703148816,1.0,0.4,0.2571428571428571,0.3391602052736161,1.0,0.2,0.2,-0.11305340175787204,0.0,-0.2,-0.057142857142857106
NF-Corpus,PLAIN-2301,0.0,0.0,0.0,0.0,0.0,0.0,0.0,0.0,0.0,0.0,0.0,0.0
NF-Corpus,PLAIN-2311,0.0,0.0,0.0,0.0,0.0,0.0,0.0,0.0,0.0,0.0,0.0,0.0
NF-Corpus,PLAIN-2321,0.0,0.0,0.0,0.0,0.0,0.0,0.0,0.0,0.0,0.0,0.0,0.0
NF-Corpus,PLAIN-2332,0.5100691314582919,1.0,0.041237113402061855,0.32166666666666666,0.2934556883974402,1.0,0.020618556701030927,0.12857142857142856,-0.21661344306085173,0.0,-0.020618556701030927,-0.1930952380952381
NF-Corpus,PLAIN-2343,0.0,0.0,0.0,0.0,0.0,0.0,0.0,0.0,0.0,0.0,0.0,0.0
NF-Corpus,PLAIN-2354,0.5087403079104241,1.0,0.4,0.3333333333333333,0.5531464700081437,1.0,0.4,0.4,0.044406162097719526,0.0,0.0,0.06666666666666671
NF-Corpus,PLAIN-2364,0.0,0.0,0.0,0.0,0.0,0.0,0.0,0.0,0.0,0.0,0.0,0.0
NF-Corpus,PLAIN-2375,0.0,0.0,0.0,0.0,0.0,0.0,0.0,0.0,0.0,0.0,0.0,0.0
NF-Corpus,PLAIN-2386,0.0,0.0,0.0,0.0,0.0,0.0,0.0,0.0,0.0,0.0,0.0,0.0
NF-Corpus,PLAIN-2396,0.0,0.0,0.0,0.0,0.0,0.0,0.0,0.0,0.0,0.0,0.0,0.0
NF-Corpus,PLAIN-2408,0.0,0.0,0.0,0.0,0.0,0.0,0.0,0.0,0.0,0.0,0.0,0.0
NF-Corpus,PLAIN-2430,0.43735247915031,1.0,0.06521739130434782,0.25,0.32628411331784235,1.0,0.06521739130434782,0.16999999999999998,-0.11106836583246765,0.0,0.0,-0.08000000000000002
NF-Corpus,PLAIN-2440,0.0,0.0,0.0,0.0,0.0,0.0,0.0,0.0,0.0,0.0,0.0,0.0
NF-Corpus,PLAIN-2450,0.31488013066763093,1.0,0.05263157894736842,0.15,0.21222636597291458,0.5,0.05263157894736842,0.07857142857142857,-0.10265376469471635,-0.5,0.0,-0.07142857142857142
NF-Corpus,PLAIN-2460,0.11496943328345773,0.25,0.03225806451612903,0.025,0.0,0.0,0.0,0.0,-0.11496943328345773,-0.25,-0.03225806451612903,-0.025
NF-Corpus,PLAIN-2470,0.17796717146275912,0.3333333333333333,0.0273972602739726,0.06190476190476191,0.08421358772610596,0.125,0.0136986301369863,0.0125,-0.09375358373665316,-0.20833333333333331,-0.0136986301369863,-0.04940476190476191
NF-Corpus,PLAIN-2480,0.24499213955129534,0.5,0.16666666666666666,0.10500000000000001,0.27627434425312153,1.0,0.1111111111111111,0.15,0.03128220470182619,0.5,-0.05555555555555555,0.044999999999999984
NF-Corpus,PLAIN-2490,0.5386485824602897,1.0,0.13043478260869565,0.26,0.08421358772610596,0.125,0.043478260869565216,0.0125,-0.4544349947341837,-0.875,-0.08695652173913043,-0.2475
NF-Corpus,PLAIN-2500,0.059872671137193724,0.125,0.14285714285714285,0.017857142857142856,0.0,0.0,0.0,0.0,-0.059872671137193724,-0.125,-0.14285714285714285,-0.017857142857142856
NF-Corpus,PLAIN-2510,0.8318477135310893,1.0,0.17391304347826086,0.696111111111111,0.6949584342635219,1.0,0.15217391304347827,0.5684920634920634,-0.13688927926756744,0.0,-0.021739130434782594,-0.12761904761904763
NF-Corpus,PLAIN-2520,0.12468135197397451,0.25,0.0410958904109589,0.1025,0.03668196104968002,0.14285714285714285,0.0136986301369863,0.014285714285714285,-0.08799939092429448,-0.10714285714285715,-0.0273972602739726,-0.0882142857142857
NF-Corpus,PLAIN-2530,0.9276737537834677,1.0,0.1388888888888889,1.0,0.9608008655106622,1.0,0.1388888888888889,1.0,0.033127111727194514,0.0,0.0,0.0
NF-Corpus,PLAIN-2540,0.2615385214652794,1.0,0.09523809523809523,0.12222222222222223,0.25514691744452866,0.3333333333333333,0.14285714285714285,0.0919047619047619,-0.00639160402075073,-0.6666666666666667,0.047619047619047616,-0.030317460317460326
NF-Corpus,PLAIN-2550,0.2177688329362056,0.2,0.12,0.0819047619047619,0.09858350785990916,0.2,0.04,0.02,-0.11918532507629645,0.0,-0.07999999999999999,-0.06190476190476189
NF-Corpus,PLAIN-2560,0.78180487222265,1.0,0.3333333333333333,0.6468253968253967,0.9363792118010483,1.0,0.42857142857142855,0.9,0.15457433957839828,0.0,0.09523809523809523,0.2531746031746033
NF-Corpus,PLAIN-2570,0.15423215925316425,0.5,0.025,0.05,0.12222609441075938,0.3333333333333333,0.025,0.03333333333333333,-0.03200606484240487,-0.16666666666666669,0.0,-0.01666666666666667
NF-Corpus,PLAIN-2580,0.37456050428247883,1.0,0.08695652173913043,0.16666666666666666,0.36417417493582804,1.0,0.08695652173913043,0.15,-0.010386329346650791,0.0,0.0,-0.016666666666666663
NF-Corpus,PLAIN-2590,0.032855541833552986,0.1,0.015873015873015872,0.01,0.10578209385344112,0.3333333333333333,0.031746031746031744,0.08333333333333333,0.07292655201988812,0.2333333333333333,0.015873015873015872,0.07333333333333333
NF-Corpus,PLAIN-2600,0.1976921351711604,0.2,0.2,0.045,0.4590828233913731,1.0,0.2,0.2,0.26139068822021266,0.8,0.0,0.15500000000000003
NF-Corpus,PLAIN-2610,0.28952298823485745,1.0,0.03278688524590164,0.2,0.30523488393970116,1.0,0.03278688524590164,0.13999999999999999,0.015711895704843715,0.0,0.0,-0.060000000000000026
NF-Corpus,PLAIN-2620,0.2626633251188907,1.0,0.03636363636363636,0.13999999999999999,0.09478836436955078,0.25,0.01818181818181818,0.025,-0.16787496074933989,-0.75,-0.01818181818181818,-0.11499999999999999
NF-Corpus,PLAIN-2630,0.4440973278132557,1.0,0.0625,0.26,0.4690000933206748,1.0,0.0625,0.3,0.0249027655074191,0.0,0.0,0.03999999999999998
NF-Corpus,PLAIN-2640,0.6009053751727895,1.0,0.16666666666666666,0.8,0.5649560431113374,1.0,0.14583333333333334,0.6366666666666667,-0.03594933206145212,0.0,-0.020833333333333315,-0.16333333333333333
NF-Corpus,PLAIN-2650,0.5036067026046991,1.0,0.13793103448275862,0.29444444444444445,0.3714891073940902,1.0,0.10344827586206896,0.1733333333333333,-0.1321175952106089,0.0,-0.034482758620689655,-0.12111111111111114
NF-Corpus,PLAIN-2660,0.1610425878239398,0.25,0.07407407407407407,0.04722222222222222,0.22009176629808017,1.0,0.037037037037037035,0.1,0.059049178474140374,0.75,-0.037037037037037035,0.052777777777777785
NF-Corpus,PLAIN-2670,0.2996484034259831,1.0,0.02857142857142857,0.1,0.44947260513897463,1.0,0.05714285714285714,0.16666666666666666,0.14982420171299154,0.0,0.02857142857142857,0.06666666666666665
NF-Corpus,PLAIN-2680,0.2705340951674102,0.5,0.14285714285714285,0.1,0.45263779293556244,0.5,0.2857142857142857,0.20666666666666664,0.18210369776815222,0.0,0.14285714285714285,0.10666666666666663
NF-Corpus,PLAIN-2690,0.06943122193677727,0.5,0.023255813953488372,0.05,0.28952298823485745,1.0,0.046511627906976744,0.2,0.2200917662980802,0.5,0.023255813953488372,0.15000000000000002
NF-Corpus,PLAIN-2700,0.1890570933316362,0.5,0.1,0.05,0.3495898039969803,1.0,0.2,0.12857142857142856,0.1605327106653441,0.5,0.1,0.07857142857142856
NF-Corpus,PLAIN-2710,0.5304677109628313,1.0,0.14285714285714285,0.25,0.617085055228343,1.0,0.19047619047619047,0.4,0.08661734426551171,0.0,0.047619047619047616,0.15000000000000002
NF-Corpus,PLAIN-2720,0.11827022936881551,0.2,0.05555555555555555,0.042222222222222223,0.2503878245794244,0.5,0.08333333333333333,0.11666666666666665,0.13211759521060887,0.3,0.027777777777777776,0.07444444444444442
NF-Corpus,PLAIN-2730,0.31400945942777175,0.3333333333333333,0.13793103448275862,0.14952380952380953,0.7228077339137017,1.0,0.20689655172413793,0.4864285714285714,0.4087982744859299,0.6666666666666667,0.06896551724137931,0.3369047619047618
NF-Corpus,PLAIN-2740,0.45545502446461517,0.5,0.08,0.23166666666666663,0.6563570285653477,1.0,0.1,0.3726984126984127,0.20090200410073256,0.5,0.020000000000000004,0.14103174603174606
NF-Corpus,PLAIN-2750,0.5238775486533084,1.0,0.0847457627118644,0.43809523809523804,0.4368930294863806,0.5,0.11864406779661017,0.4916666666666667,-0.08698451916692779,-0.5,0.03389830508474577,0.05357142857142866
NF-Corpus,PLAIN-2760,0.0,0.0,0.0,0.0,0.0,0.0,0.0,0.0,0.0,0.0,0.0,0.0
NF-Corpus,PLAIN-2770,0.3820564381065627,1.0,0.07317073170731707,0.24166666666666664,0.0,0.0,0.0,0.0,-0.3820564381065627,-1.0,-0.07317073170731707,-0.24166666666666664
NF-Corpus,PLAIN-2780,0.39574283478664835,1.0,0.18181818181818182,0.3194444444444445,0.4224063617563604,1.0,0.18181818181818182,0.29444444444444445,0.02666352696971208,0.0,0.0,-0.025000000000000022
NF-Corpus,PLAIN-2790,0.642186726668901,1.0,0.0847457627118644,0.4833333333333333,0.6489315753318465,1.0,0.0847457627118644,0.5,0.006744848662945557,0.0,0.0,0.01666666666666672
NF-Corpus,PLAIN-2800,0.13998627114565382,0.16666666666666666,0.08333333333333333,0.03666666666666667,0.09020315758404258,0.1111111111111111,0.041666666666666664,0.01111111111111111,-0.049783113561611234,-0.05555555555555555,-0.041666666666666664,-0.025555555555555557
NF-Corpus,PLAIN-2810,0.05854439592831931,0.16666666666666666,0.125,0.020833333333333332,0.0,0.0,0.0,0.0,-0.05854439592831931,-0.16666666666666666,-0.125,-0.020833333333333332
NF-Corpus,PLAIN-2820,0.0,0.0,0.0,0.0,0.11671218210122507,0.1,0.125,0.0125,0.11671218210122507,0.1,0.125,0.0125
NF-Corpus,PLAIN-2830,0.31939394323979897,0.3333333333333333,0.3333333333333333,0.1111111111111111,0.31939394323979897,0.3333333333333333,0.3333333333333333,0.1111111111111111,0.0,0.0,0.0,0.0
NF-Corpus,PLAIN-2840,0.0,0.0,0.0,0.0,0.0,0.0,0.0,0.0,0.0,0.0,0.0,0.0
NF-Corpus,PLAIN-2850,0.0,0.0,0.0,0.0,0.0,0.0,0.0,0.0,0.0,0.0,0.0,0.0
NF-Corpus,PLAIN-2860,1.0,1.0,1.0,1.0,1.0,1.0,1.0,1.0,0.0,0.0,0.0,0.0
NF-Corpus,PLAIN-2870,0.07623986638854101,0.1111111111111111,0.2,0.02222222222222222,0.0,0.0,0.0,0.0,-0.07623986638854101,-0.1111111111111111,-0.2,-0.02222222222222222
NF-Corpus,PLAIN-2880,0.0,0.0,0.0,0.0,0.0,0.0,0.0,0.0,0.0,0.0,0.0,0.0
NF-Corpus,PLAIN-2890,0.15537907391531905,0.25,0.034482758620689655,0.025,0.113813114479808,0.125,0.034482758620689655,0.0125,-0.04156595943551104,-0.125,0.0,-0.0125
NF-Corpus,PLAIN-2900,0.08879873949105598,0.125,0.08333333333333333,0.0125,0.2814853444092611,1.0,0.08333333333333333,0.1,0.1926866049182051,0.875,0.0,0.08750000000000001
NF-Corpus,PLAIN-2910,0.20436662668128655,0.5,0.06666666666666667,0.05,0.20436662668128655,0.5,0.06666666666666667,0.05,0.0,0.0,0.0,0.0
NF-Corpus,PLAIN-2920,0.0,0.0,0.0,0.0,0.0,0.0,0.0,0.0,0.0,0.0,0.0,0.0
NF-Corpus,PLAIN-2930,0.3607790370815594,1.0,0.07142857142857142,0.1,0.3607790370815594,1.0,0.07142857142857142,0.1,0.0,0.0,0.0,0.0
NF-Corpus,PLAIN-2940,0.0,0.0,0.0,0.0,0.0,0.0,0.0,0.0,0.0,0.0,0.0,0.0
NF-Corpus,PLAIN-2950,0.0,0.0,0.0,0.0,0.0,0.0,0.0,0.0,0.0,0.0,0.0,0.0
NF-Corpus,PLAIN-2960,0.3273949503887395,0.25,0.5,0.125,0.3273949503887395,0.25,0.5,0.125,0.0,0.0,0.0,0.0
NF-Corpus,PLAIN-2970,0.0,0.0,0.0,0.0,0.0,0.0,0.0,0.0,0.0,0.0,0.0,0.0
NF-Corpus,PLAIN-2981,0.5030904516575294,1.0,0.2857142857142857,0.18367346938775508,0.43122038713502525,1.0,0.14285714285714285,0.14285714285714285,-0.07187006452250416,0.0,-0.14285714285714285,-0.040816326530612235
NF-Corpus,PLAIN-2991,0.3065735963827292,0.3333333333333333,0.5,0.16666666666666666,0.38685280723454163,0.5,0.5,0.25,0.08027921085181244,0.16666666666666669,0.0,0.08333333333333334
NF-Corpus,PLAIN-3001,0.20438239758848611,0.14285714285714285,0.5,0.07142857142857142,0.0,0.0,0.0,0.0,-0.20438239758848611,-0.14285714285714285,-0.5,-0.07142857142857142
NF-Corpus,PLAIN-3014,0.0,0.0,0.0,0.0,0.0,0.0,0.0,0.0,0.0,0.0,0.0,0.0
NF-Corpus,PLAIN-3026,0.3010299956639812,0.1111111111111111,1.0,0.1111111111111111,0.0,0.0,0.0,0.0,-0.3010299956639812,-0.1111111111111111,-1.0,-0.1111111111111111
NF-Corpus,PLAIN-3037,0.0,0.0,0.0,0.0,0.0,0.0,0.0,0.0,0.0,0.0,0.0,0.0
NF-Corpus,PLAIN-3053,0.7653606369886217,1.0,0.6666666666666666,0.6666666666666666,0.7653606369886217,1.0,0.6666666666666666,0.6666666666666666,0.0,0.0,0.0,0.0
NF-Corpus,PLAIN-3063,0.0,0.0,0.0,0.0,0.0,0.0,0.0,0.0,0.0,0.0,0.0,0.0
NF-Corpus,PLAIN-3074,1.0,1.0,1.0,1.0,0.3010299956639812,0.1111111111111111,1.0,0.1111111111111111,-0.6989700043360187,-0.8888888888888888,0.0,-0.8888888888888888
NF-Corpus,PLAIN-3085,0.38685280723454163,0.5,0.5,0.25,0.2640681225725909,0.25,0.5,0.125,-0.12278468466195075,-0.25,0.0,-0.125
NF-Corpus,PLAIN-3097,0.4770382338730848,1.0,0.25,0.25,0.4770382338730848,1.0,0.25,0.25,0.0,0.0,0.0,0.0
NF-Corpus,PLAIN-3116,0.0,0.0,0.0,0.0,0.0,0.0,0.0,0.0,0.0,0.0,0.0,0.0
NF-Corpus,PLAIN-3131,0.14234052824960539,0.2,0.16666666666666666,0.03333333333333333,0.1584652550904766,0.25,0.16666666666666666,0.041666666666666664,0.016124726840871212,0.04999999999999999,0.0,0.008333333333333331
NF-Corpus,PLAIN-3141,0.09020315758404258,0.1111111111111111,0.029411764705882353,0.01111111111111111,0.223580089685508,0.5,0.058823529411764705,0.1,0.1333769321014654,0.3888888888888889,0.029411764705882353,0.08888888888888889
NF-Corpus,PLAIN-3151,0.07716607426375235,0.1,0.05555555555555555,0.01,0.6911751783860757,1.0,0.3333333333333333,0.4308333333333333,0.6140091041223233,0.9,0.2777777777777778,0.4208333333333333
NF-Corpus,PLAIN-3161,0.48746978596465146,1.0,0.06976744186046512,0.1775,0.439895152209025,0.5,0.11627906976744186,0.24444444444444446,-0.04757463375562648,-0.5,0.046511627906976744,0.06694444444444447
NF-Corpus,PLAIN-3171,0.2014039724944524,0.3333333333333333,0.08823529411764706,0.09166666666666665,0.29266362290093084,1.0,0.08823529411764706,0.15857142857142856,0.09125965040647843,0.6666666666666667,0.0,0.06690476190476191
NF-Corpus,PLAIN-3181,0.0,0.0,0.0,0.0,0.22400556151517553,0.5,0.07407407407407407,0.09,0.22400556151517553,0.5,0.07407407407407407,0.09
NF-Corpus,PLAIN-3191,0.09681446384354929,0.2,0.125,0.042222222222222223,0.054446697840052224,0.2,0.0625,0.02,-0.042367766003497065,0.0,-0.0625,-0.022222222222222223
NF-Corpus,PLAIN-3201,0.25660478003987325,0.2,0.09375,0.08607142857142858,0.3607790370815594,1.0,0.03125,0.1,0.10417425704168615,0.8,-0.0625,0.013928571428571429
NF-Corpus,PLAIN-3211,0.0,0.0,0.0,0.0,0.0,0.0,0.0,0.0,0.0,0.0,0.0,0.0
NF-Corpus,PLAIN-3221,0.0,0.0,0.0,0.0,0.0,0.0,0.0,0.0,0.0,0.0,0.0,0.0
NF-Corpus,PLAIN-3231,0.0,0.0,0.0,0.0,0.0,0.0,0.0,0.0,0.0,0.0,0.0,0.0
NF-Corpus,PLAIN-3241,0.0,0.0,0.0,0.0,0.0,0.0,0.0,0.0,0.0,0.0,0.0,0.0
NF-Corpus,PLAIN-3251,0.060129839513593235,0.14285714285714285,0.047619047619047616,0.014285714285714285,0.07768953695765952,0.25,0.047619047619047616,0.025,0.01755969744406629,0.10714285714285715,0.0,0.010714285714285716
NF-Corpus,PLAIN-3261,0.09988280114199435,0.14285714285714285,0.07692307692307693,0.014285714285714285,0.10673691490577927,0.16666666666666666,0.07692307692307693,0.016666666666666666,0.006854113763784919,0.023809523809523808,0.0,0.002380952380952381
NF-Corpus,PLAIN-3271,0.0,0.0,0.0,0.0,0.0,0.0,0.0,0.0,0.0,0.0,0.0,0.0
NF-Corpus,PLAIN-3281,0.3239134396887189,1.0,0.038461538461538464,0.1,0.19635865514018222,0.3333333333333333,0.07692307692307693,0.06666666666666667,-0.12755478454853666,-0.6666666666666667,0.038461538461538464,-0.03333333333333334
NF-Corpus,PLAIN-3292,0.5279127445637272,1.0,0.5714285714285714,0.37142857142857144,0.4090134284223906,0.25,0.5714285714285714,0.22551020408163264,-0.11889931614133659,-0.75,0.0,-0.1459183673469388
NF-Corpus,PLAIN-3302,0.29420263302058774,1.0,0.05405405405405406,0.2,0.0,0.0,0.0,0.0,-0.29420263302058774,-1.0,-0.05405405405405406,-0.2
NF-Corpus,PLAIN-3312,0.12065389290783826,0.16666666666666666,0.15384615384615385,0.041666666666666664,0.28232225823355495,0.3333333333333333,0.3076923076923077,0.15666666666666665,0.16166836532571668,0.16666666666666666,0.15384615384615385,0.11499999999999999
NF-Corpus,PLAIN-3322,0.08514311764162098,0.2,0.012658227848101266,0.02,0.1610425878239398,0.25,0.02531645569620253,0.04722222222222222,0.07589947018231881,0.04999999999999999,0.012658227848101266,0.02722222222222222
NF-Corpus,PLAIN-3332,0.3721021666737136,1.0,0.21428571428571427,0.16999999999999998,0.38439739229097764,1.0,0.21428571428571427,0.3,0.012295225617264038,0.0,0.0,0.13
NF-Corpus,PLAIN-3342,0.6364391809889587,1.0,0.6666666666666666,0.4444444444444444,0.15642624200758548,0.14285714285714285,0.3333333333333333,0.047619047619047616,-0.4800129389813732,-0.8571428571428572,-0.3333333333333333,-0.3968253968253968
NF-Corpus,PLAIN-3352,0.0,0.0,0.0,0.0,0.16195671984435944,1.0,0.02564102564102564,0.1,0.16195671984435944,1.0,0.02564102564102564,0.1
NF-Corpus,PLAIN-3362,0.5880534728737216,1.0,0.2727272727272727,0.3,0.5880534728737216,1.0,0.2727272727272727,0.3,0.0,0.0,0.0,0.0
NF-Corpus,PLAIN-3372,0.0,0.0,0.0,0.0,0.0,0.0,0.0,0.0,0.0,0.0,0.0,0.0
NF-Corpus,PLAIN-3382,0.2684006981258608,1.0,0.21428571428571427,0.16666666666666666,0.5768260756109673,1.0,0.2857142857142857,0.4,0.3084253774851065,0.0,0.07142857142857142,0.23333333333333336
NF-Corpus,PLAIN-3392,0.0,0.0,0.0,0.0,0.0,0.0,0.0,0.0,0.0,0.0,0.0,0.0
NF-Corpus,PLAIN-3402,0.0,0.0,0.0,0.0,0.08514311764162098,0.2,0.07142857142857142,0.02,0.08514311764162098,0.2,0.07142857142857142,0.02
NF-Corpus,PLAIN-3412,0.2684006981258608,1.0,0.061224489795918366,0.16666666666666666,0.16195671984435944,1.0,0.02040816326530612,0.1,-0.10644397828150137,0.0,-0.04081632653061225,-0.06666666666666665
NF-Corpus,PLAIN-3422,0.03542769807752961,0.1111111111111111,0.03225806451612903,0.01111111111111111,0.30793074344000987,1.0,0.0967741935483871,0.15833333333333333,0.27250304536248027,0.8888888888888888,0.06451612903225806,0.14722222222222223
NF-Corpus,PLAIN-3432,0.28323251649726616,0.3333333333333333,0.07142857142857142,0.13333333333333333,0.09478836436955078,0.25,0.023809523809523808,0.025,-0.18844415212771537,-0.08333333333333331,-0.047619047619047616,-0.10833333333333334
NF-Corpus,PLAIN-3442,0.0,0.0,0.0,0.0,0.08879873949105598,0.5,0.034482758620689655,0.05,0.08879873949105598,0.5,0.034482758620689655,0.05
NF-Corpus,PLAIN-3452,0.5647652605605432,1.0,0.23529411764705882,0.36666666666666664,0.5377724739198166,1.0,0.23529411764705882,0.3071428571428571,-0.026992786640726574,0.0,0.0,-0.059523809523809534
NF-Corpus,PLAIN-3462,0.6975961695061491,1.0,0.109375,0.4979761904761905,0.5646138709309813,1.0,0.09375,0.3755555555555556,-0.13298229857516786,0.0,-0.015625,-0.12242063492063493
NF-Corpus,PLAIN-3472,0.0,0.0,0.0,0.0,0.0,0.0,0.0,0.0,0.0,0.0,0.0,0.0
